,facility.id,facility.callSign,facility.service,facility.rfChannel,facility.virtualChannel,facility.licenseExpirationDate,facility.statusDate,facility.status,facility.communityCity,facility.communityState,facility.facilityType,facility.frequency,facility.activeInd,facility.scannedLetterIds,facility.cenEmail,facility.cenPhone,facility.partyName,facility.partyAddress1,facility.partyAddress2,facility.partyCity,facility.partyZip1,facility.partyZip2,facility.partyState,facility.partyPhone,facility.nielsenDma,facility.networkAfil,facility.band,facility.authAppId,facility.authAppIdLMS,facility.lmsRenewalId,facility.postCardId,facility.mainStudioContact.contactAddress1,facility.mainStudioContact.contactAddress2,facility.mainStudioContact.contactCity,facility.mainStudioContact.contactZip,facility.mainStudioContact.contactZipExt,facility.mainStudioContact.contactState,facility.mainStudioContact.contactPhone,facility.mainStudioContact.contactFax,facility.mainStudioContact.contactWebsite,facility.mainStudioContact.contactEmail,facility.mainStudioContact.contactName,facility.mainStudioContact.contactTitle,facility.mainStudioContact.contactPhoneExt,facility.ccContact.contactAddress1,facility.ccContact.contactAddress2,facility.ccContact.contactCity,facility.ccContact.contactZip,facility.ccContact.contactZipExt,facility.ccContact.contactState,facility.ccContact.contactPhone,facility.ccContact.contactFax,facility.ccContact.contactWebsite,facility.ccContact.contactEmail,facility.ccContact.contactName,facility.ccContact.contactTitle,facility.ccContact.contactPhoneExt
0,39649,WMED-TV,Digital TV,10,13,04/01/2023,05/05/2009,LICENSED,CALAIS,ME,EDT,192.0,Y,,jmahaney@mainepublic.org,2074045118,MAINE PUBLIC BROADCASTING CORPORATION,1450 LISBON ST,,LEWISTON,04240,3514,ME,(207)783-9101,BANGOR,PBS,High V,632411,,,1658491,63 Texas Avenue,,Bangor,04401,,ME,2074045118,,www.mainepublic.org,jmahaney@mainepublic.org,Jeffrey Mahaney,,,Maine Public,63 Texas Avenue,Bangor,04401,,ME,800-884-1717,207-942-2857,www.mainepublic.org,closedcaptioning@mpbn.net,Mr. Tristan Richards,Director of Operations,
1,39659,WCBB,Digital TV,10,10,04/01/2023,05/05/2009,LICENSED,AUGUSTA,ME,EDT,192.0,Y,,jmahaney@mainepublic.org,2074045118,MAINE PUBLIC BROADCASTING CORPORATION,1450 LISBON ST,,LEWISTON,04240,3514,ME,(207)783-9101,PORTLAND-AUBURN,PBS,High V,1297494,,,1658447,63 Texas Avenue,,Bangor,04401,,ME,2074045118,,www.mainepublic.org,jmahaney@mainepublic.org,Jeffrey Mahaney,,,Maine Public,63 Texas Avenue,Bangor,04401,,ME,800-884-1717,207-942-2857,www.mainepublic.org,closedcaptioning@mpbn.net,Mr. Tristan Richards,Director of Operations,
2,39662,WMEM-TV,Digital TV,10,10,04/01/2023,05/05/2009,LICENSED,PRESQUE ISLE,ME,EDT,,Y,,jmahaney@mainepublic.org,2074045118,MAINE PUBLIC BROADCASTING CORPORATION,1450 LISBON ST,,LEWISTON,04240,3514,ME,(207)783-9101,PRESQUE ISLE,PBS,High V,1289835,,,1658494,63 Texas Avenue,,Bangor,04401,,ME,2074045118,,www.mainepublic.org,jmahaney@mainepublic.org,Jeffrey Mahaney,,,Maine Public,63 Texas Avenue,Bangor,04401,,ME,800-884-1717,207-942-2857,www.mainepublic.org,closedcaptioning@mpbn.net,Mr. Tristan Richards,Director of Operations,
3,25683,WGME-TV,Digital TV,15,13,04/01/2023,05/05/2009,LICENSED,PORTLAND,ME,CDT,476.0,Y,,CarriageElectionsContact@sbgtv.com,4105681555,"WGME LICENSEE, LLC","C/O MILES S. MASON, PILLSBURY WINTHROP S","1200 SEVENTEENTH STREET, NW",WASHINGTON,20036,,DC,(202)663-8195,PORTLAND-AUBURN,CBS,UHF,2022509,25076f916b249e81016b2d723aac090d,,,81 Northport Drive,,Portland,04103,,ME,2077971313,,www.wgme.com,tvmail@wgme.com,,,,"Sinclair Broadcast Group, Inc",10706 Beaver Dam Road,Hunt Valley,21030,,MD,410-568-1500,410-568-1537,,sdomozyc@sbgi.net,Susan E. Domozych,Senior Paralegal,
4,48408,WIPL,Digital TV,24,35,04/01/2023,05/05/2009,LICENSED,LEWISTON,ME,CDT,530.0,Y,,IONLegal@ionmedia.com,212-603-8461,"ION MEDIA LICENSE COMPANY, LLC",601 CLEARWATER PARK ROAD,,WEST PALM BEACH,33401,,FL,(561)682-4300,,ION,UHF,2021900,25076f916b90cf58016b9f596c5a3a9b,,,601 Clearwater Park Road,,West Palm Beach,33401,,FL,888-467-2988,,,,,,,601 Clearwater Park Road,,West Palm Beach,33401,,FL,888-467-2988,,,vieweremail@ionmedia.com,Bianca Frye,Paralegal,
5,3667,WVII-TV,Digital TV,7,7,04/01/2023,05/05/2009,LICENSED,BANGOR,ME,CDT,174.0,Y,,mikep@wvii.com,207-945-6457,"BANGOR COMMUNICATIONS, LLC.",371 TARGET INDUSTRIAL CIRCLE,,BANGOR,04401,,ME,(207)945-6457,BANGOR,ABC,High V,1295665,,,1687881,371 Target Industrial Circle,,Bangor,04401,,ME,2079456457,2079420511,www.wvii.com,mikep@wvii.com,Michael Palmer,,3101,371 Target Industrial Circle,,Bangor,04401,,ME,207-945-6457,207-942-0511,,kylesmith@wvii.com,Kyle Smith,Chief Engineer,
6,39644,WLBZ,Digital TV,2,2,04/01/2023,06/16/2009,LICENSED,BANGOR,ME,CDT,54.0,Y,,Retransmission@tegna.com,703-873-6719,"PACIFIC AND SOUTHERN, LLC","TEGNA, INC.","8350 BROAD STREET, SUITE 2000",TYSONS,22102,,VA,(703)873-6606,BANGOR,NBC,Low V,1331444,,,1659532,329 Mt. Hope Ave.,,Bangor,04401,,ME,207-991-5311,,https://www.newscentermaine.com,judy.horan@newscentermaine.com,Judith Horan,,,329 Mt. Hope Ave,,Bangor,04401,,ME,207-523-2937,207-828-6620,https://www.newscentermaine.com/closed-captioning,closedcaptioning@wlbz2.com,Nathan Tinsley,Technology Manager,
7,39648,WMEB-TV,Digital TV,9,12,04/01/2023,05/05/2009,LICENSED,ORONO,ME,EDT,186.0,Y,,jmahaney@mainepublic.org,2074045118,MAINE PUBLIC BROADCASTING CORPORATION,1450 LISBON STREET,,LEWISTON,04240,3514,ME,(207)783-9101,BANGOR,PBS,High V,603000,,,1658463,63 Texas Ave,,Bangor,04401,,ME,2074045118,,www.mainepublic.org,jmahaney@mainepublic.org,Jeffrey Mahaney,,,Maine Public,63 Texas Avenue,Bangor,04401,,ME,800-884-1717,207-942-2857,www.mainepublic.org,closedcaptioning@mpbn.net,Mr. Tristan Richards,Director of Operations,
8,39656,WMEA-TV,Digital TV,36,26,04/01/2023,05/05/2009,LICENSED,BIDDEFORD,ME,EDT,602.0,Y,,jmahaney@mainepublic.org,207-404-5118,MAINE PUBLIC BROADCASTING CORPORATION,1450 LISBON ST,,LEWISTON,04240,3514,ME,(207)783-9101,PORTLAND-AUBURN,PBS,UHF,2035730,25076ff370b21dbf0170cae8079020ff,,,63 Texas Avenue,,Bangor,04401,,ME,2074045118,,www.mainepublic.org,jmahaney@mainepublic.org,Jeffrey Mahaney,,,Maine Public,63 Texas Avenue,Bangor,04401,,ME,800-884-1717,207-942-2857,mainepublic.org,closedcaptioning@mpbn.net,Mr. Tristan Richards,Director of Operations,
9,39664,WCSH,Digital TV,31,6,04/01/2023,06/16/2009,LICENSED,PORTLAND,ME,CDT,572.0,Y,,Retransmission@tegna.com,703-873-6719,"PACIFIC AND SOUTHERN, LLC","TEGNA, INC.","8350 BROAD STREET, SUITE 2000",TYSONS,22102,,VA,(703)873-6606,PORTLAND-AUBURN,NBC,UHF,2037254,25076f91730742f401730b770e64066a,,,One Congress Square,,Portland,04101,,ME,207-523-2912,,https://www.newscentermaine.com,brian.cliffe@newscentermaine.com,Brian Cliffe,,,One Congress Square,,Portland,04101,,ME,207-523-2937,207-523-2937,https://www.newscentermaine.com/closed-captioning,ClosedCaptioning@WCSH6.com,Nathan Tinsley,Technology Manager,
10,48305,WAGM-TV,Digital TV,8,8,04/01/2023,06/16/2009,LICENSED,PRESQUE ISLE,ME,CDT,180.0,Y,,Robert.Folliard@gray.tv,202-750-1585,"GRAY TELEVISION LICENSEE, LLC","4370 PEACHTREE ROAD, NE",,ATLANTA,30319,,GA,(404)266-8333,PRESQUE ISLE,CBS/FOX,High V,1519031,,,1655669,12 Brewer Rd,,Presque Isle,04769,,ME,2077644461,,wagmtv.com,wagm@wagmtv.com,,,,WAGM-TV,12 Brewer Road,Presque Isle,04769,,ME,207-764-4461,207-764-5329,,lconnolly@wagmtv.com,Linda Connolly,Traffic Mgr,222
11,17005,WABI-TV,Digital TV,13,5,04/01/2023,06/16/2009,LICENSED,BANGOR,ME,CDT,210.0,Y,,Robert.Folliard@gray.tv,(202) 750-1585,"GRAY TELEVISION LICENSEE, LLC","4370 PEACHTREE ROAD, NE",,ATLANTA,30319,,GA,(404)504-9828,BANGOR,CBS/CW,High V,1412038,,,1656390,35 Hildreth Street,,Bangor,04401,,ME,2079478321,,www.wabi.tv,wabi@wabi.tv,,,0,35 Hildreth Street,,Bangor,04401,,ME,207-947-8321,207-941-9378,,captioning@wabi.tv,Steve Hiltz,Program Director,160
12,53065,WPXT,Digital TV,34,51,04/01/2023,05/05/2009,LICENSED,PORTLAND,ME,CDT,590.0,Y,,HTV_Retrans_Elections@hearst.com,(704) 348-8769,HEARST PROPERTIES INC.,P.O. BOX 1800,,RALEIGH,27602,,NC,(919)839-0300,PORTLAND-AUBURN,CW,UHF,2035647,25076f9170b21b9a0170d43fae685e6d,,,4 Ledgeview Dr.,,Westbrook,04092,,ME,207-774-0051,207-774-6849,www.ourmaine.com,jspaulding@ourmaine.com,Jennifer Spaulding,,143,4 Ledgeview Drive,,Westbrook,04092,,ME,2078353771,2077566253,https://www.wmtw.com/cw,srobinson@hearst.com,Stefanie Robinson,Program Coordinator,
13,73288,WMTW,Digital TV,8,8,04/01/2023,06/16/2009,LICENSED,POLAND SPRING,ME,CDT,180.0,Y,,HTV_Retrans_Elections@hearst.com,(704) 348-8769,HEARST PROPERTIES INC.,"C/O BROOKS, PIERCE, ET. AL.",P.O BOX 1800,RALEIGH,27602,,NC,(919)839-0300,PORTLAND-AUBURN,ABC,High V,1316058,,,1653883,4 Ledgeview Drive,,Westbrook,04092,,ME,2078353888,2077756253,WMTW.com,News8wmtw@hearst.com,General Manageer,,,4 Ledgeview Drive,,Westbrook,04092,,ME,2078353771,2077756253,www.wmtw@wmtw.com,srobinson@hearst.com,Stefanie Robinson,Program Coordinator,
14,84088,WPFO,Digital TV,17,23,04/01/2023,05/05/2009,LICENSED,WATERVILLE,ME,CDT,488.0,Y,,MAnderson@CunninghamBroadcasting.com,410-662-9688,"PORTLAND (WPFO-TV) LICENSEE, INC.",2000 WEST 41ST STREET,,BALTIMORE,21211,,MD,(410)662-9688,PORTLAND-AUBURN,FOX,UHF,2022502,25076f916ab88c98016ac63f87fb1cfe,,,81 Northport Drive,,Portland,04103,,ME,2072287727,,FOX23Maine.com,tlham@Cunninghambroadcasting.com,Torrey Ham,,,2000 West 41st Street,,Baltimore,21211,,MD,410-662-9688,410-662-0816,FOX23Maine.com,closedcaptioning@cunninghambroadcasting.com,Belinda M McGlotten,Corporate Public Affairs Manager,
15,17514,WXME,AM Station,,,04/01/2022,,LICENSED,MONTICELLO,ME,,780.0,Y,,,,ALLAN H WEINER,274 BRITTON RD,,MONTICELLO,04760,,ME,(207)985-7547,,,,1196124,,,1600140,,,,,,,,,,,,,,,,,,,,,,,,,,
16,74068,WWSF,AM Station,,,04/01/2022,06/06/2011,LICENSED,SANFORD,ME,,1220.0,Y,,,,"PORT BROADCASTING, LLC",11 DOWNING COURT,,EXETER,03833,1903,NH,(603)583-4767,,,,410243,,,1587259,11 Downing Court,,Exeter,03833,,NH,6035834767,,www.sanfordlegends.com,pete@portbroadcast.com,Pete Falconi,,,,,,,,,,,,,,,
17,3140,WRED,AM Station,,,04/01/2022,,LICENSED,WESTBROOK,ME,,1440.0,Y,74397,,,"ATLANTIC COAST RADIO, LLC",583 WARREN AVENUE,,PORTLAND,04103,,ME,,,,,47072,,,1575161,779 Warren Ave,,Portland,04103,,ME,207-773-9695,207-761-4406,thebigjab.com,jon@atlanticcoastradio.com,Jon Van Hoogenstyn,,11,,,,,,,,,,,,,
18,9202,WLOB,AM Station,,,04/01/2022,,LICENSED,PORTLAND,ME,,1310.0,Y,,,,"ATLANTIC COAST RADIO, LLC",779 WARREN AVENUE,,PORTLAND,04103,,ME,(207)773-9695,,,,1655091,,,,779 Warren Ave,,Portland,04103,,ME,207-773-9695,207-761-4406,wlobradio.com,jon@atlanticcoastradio.com,Jon Van Hoogenstyn,,11,,,,,,,,,,,,,
19,73088,WVAE,AM Station,,,04/01/2022,11/10/1999,LICENSED,BIDDEFORD,ME,,1400.0,Y,,,,"SAGA COMMUNICATIONS OF NEW ENGLAND, LLC",73 KERCHEVAL AVENUE,,GROSSE POINTE FARMS,48236,,MI,(313)886-7070,,,,1738393,,,,420 Western Ave.,,South Portland,04106,,ME,207-283-1234,207-774-3788,bayfavorites.com,pfhelp@portlandradiogroup.com,,,,,,,,,,,,,,,,
20,17671,WDEA,AM Station,,,04/01/2022,,LICENSED,ELLSWORTH,ME,,1370.0,Y,,,,"TOWNSQUARE MEDIA BANGOR LICENSE, LLC",1 MANHATTANVILLE ROAD,SUITE 202,PURCHASE,10577,,NY,(203)861-0900,,,,313441,,,1583928,49 Acme Road,,Brewer,04412,,ME,207-989-5631,,http://wdea.am/,fred.miller@townsquaremedia.com,Fred Miller,,,,,,,,,,,,,,,
21,33287,WJTO,AM Station,,,04/01/2022,,LICENSED,BATH,ME,,730.0,Y,,,,BLUE JEY BROADCASTING COMPANY,P O BOX 308,,BATH,04530,0308,ME,(207)442-0647,,,,305331,,,1584472,87 Austin Rd - no USPS mail,,West Bath,04530,,ME,207-443-6671,none,none,bobthemusicman7@aol.com,Bob Bittner,,,,,,,,,,,,,,,
22,3670,WTOS,AM Station,,,04/01/2022,03/01/2016,LICENSED,BANGOR,ME,,910.0,Y,,,,"BLUEBERRY BROADCASTING, LLC",P.O. BOX 2600,,KENNEBUNKPORT,04046,,ME,(207)967-8094,,,,1189455,,,1736887,184 Target Industrial Circle,,BANGOR,04401,,ME,(207)947-9100,,http://www.big104fm.com/,jackobrien@blueberrybroadcasting.com,,,,,,,,,,,,,,,,
23,49517,WFST,AM Station,,,04/01/2022,01/15/2001,LICENSED,CARIBOU,ME,,600.0,Y,,,,"NORTHERN BROADCAST MINISTRIES, INC.",PO BOX 600,670 SWEDEN STREET,CARIBOU,04736,,ME,(207)492-6000,,,,314739,,,1576036,670 Sweden Street,,Caribou,04736,,ME,207-492-6000,207-493-3268,www.familyradiowfst.com,wfstradio@gmail.com,Christa Waugh,,,,,,,,,,,,,,,
24,9209,WEZR,AM Station,,,04/01/2022,03/29/2020,LICENSED AND SILENT,RUMFORD,ME,,780.0,Y,,,,"BENNETT RADIO GROUP, LLC",271 FLETCHER RD.,,AUBURN,04210,,ME,(207)344-8007,,,,1539997,,,1592625,,,,,,,,,,,,,,,,,,,,,,,,,,
25,9423,WEGP,AM Station,,,04/01/2022,02/13/2020,LICENSED,PRESQUE ISLE,ME,,1390.0,Y,,,,"RELEVANT RADIO, INC.",1496 BELLEVUE STREET,SUITE 202,GREEN BAY,54307,,WI,(920)884-1460,,,,1678523,,,,1496 Bellevue St.,Suite 202,Green Bay,54307,,WI,877-291-0123,,www.relevantradio.com,info@relevantradio.com,,,,,,,,,,,,,,,,
26,58544,WGAN,AM Station,,,04/01/2022,,LICENSED,PORTLAND,ME,,560.0,Y,,,,"SAGA COMMUNICATIONS OF NEW ENGLAND, LLC",73 KERCHEVAL AVENUE,,GROSSE POINTE FARMS,48236,,MI,(313)886-7070,,,,1351144,,,1580149,420 Western Ave.,,South Portland,04106,,ME,207-774-4561,207-774-3788,wgan.com,pfhelp@portlandradiogroup.com,,,,,,,,,,,,,,,,
27,24994,WLVP,AM Station,,,04/01/2022,,LICENSED,GORHAM,ME,,870.0,Y,,,,BLUE JEY BROADCASTING CO.,P O BOX 308,,BATH,04530,0308,ME,(207)442-0647,,,,150428,,,1591870,477 Congress St 3A,"no USPS deliveries, use PO Box",Portland,04101,,ME,844-MEMORY7,none,none,BobTheMusicMan7@aol.com,Bob Bittner,,,,,,,,,,,,,,,
28,33469,WSYY,AM Station,,,04/01/2022,,LICENSED,MILLINOCKET,ME,,1240.0,Y,,,,"KATAHDIN COMMUNICATIONS, INC..",P. O. BOX 1240,LAKE ROAD,MILLINOCKET,04462,,ME,,,,,310437,,,1601481,,,,,,,,,,,,,,,,,,,,,,,,,,
29,49983,WBAE,AM Station,,,04/01/2022,,LICENSED,PORTLAND,ME,,1490.0,Y,,,,"SAGA COMMUNICATIONS OF NEW ENGLAND, LLC",73 KERCHEVAL AVENUE,,GROSSE POINTE FARMS,48236,,MI,(313)886-7070,,,,1258559,,,1580160,420 Western Ave.,,South Portland,04106,,ME,207-774-4561,207-774-3788,bayfavorites.com,pfhelp@portlandradiogroup.com,,,,,,,,,,,,,,,,
30,160465,WGUY,AM Station,,,04/01/2022,12/15/2011,LICENSED,VEAZIE,ME,,1230.0,Y,,,,"PORT BROADCASTING, LLC",11 DOWNING COURT,,EXETER,03833,1903,NH,(603)583-4767,,,,1813934,,,,11 Downing Court,,Exeter,03833,,NH,6035834767,,www.wguybangor.com,pete@portbroadcast.com,Pete Falconi,,,,,,,,,,,,,,,
31,46351,WSKW,AM Station,,,04/01/2022,,LICENSED,SKOWHEGAN,ME,,1160.0,Y,74984,,,"MOUNTAIN WIRELESS, INC.",P.O. BOX 274,,NORTH MARSHFIELD,02059,,MA,(207)474-5171,,,,193258,,,1585808,295 Kennedy Memorial Drive,,Waterville,04901,,ME,207-621-9759,,http://legacy1160.com/,,,,,,,,,,,,,,,,,
32,11031,WIGY,AM Station,,,04/01/2022,08/12/2020,LICENSED,LEWISTON,ME,,1240.0,Y,,,,"BENNETT RADIO GROUP, LLC",271 FLETCHER RD.,,AUBURN,04210,,ME,(207)344-8007,,,,1626139,,,,243 Main St.,,Norway,04268,,ME,207-344-8007,,www.wigyradio.com,stan@bennettradiogroup.com,Stan Bennett,,,,,,,,,,,,,,,
33,37469,WMDR,AM Station,,,04/01/2022,08/25/2020,LICENSED,AUGUSTA,ME,,1340.0,Y,,,,"LIGHT OF LIFE MINISTRIES, INC.",160 RIVERSIDE DRIVE,,AUGUSTA,04330,,ME,(207)622-1340,,,,1736332,,,,160 Riverside Drive,,Augusta,04330,,ME,207-622-1340,,worshipradionetwork.org,publicfile@worshipradionetwork.org,Nadine Beckim,,,,,,,,,,,,,,,
34,52604,WJZN,AM Station,,,04/01/2022,07/25/2017,LICENSED,AUGUSTA,ME,,1400.0,Y,,,,"TOWNSQUARE MEDIA AUGUSTA/WATERVILLE LICENSE, LLC",1 MANHATTANVILLE ROAD,SUITE 202,PURCHASE,10577,,NY,(203)861-0900,,,,1738062,,,,56 Western Avenue -Suite 1,,Augusta,04330,,ME,2076234735,2076202035,http://capital959.com/,julie.beaulieu@townsquaremedia.com,Julie Beaulieu,,111,,,,,,,,,,,,,
35,52607,WTVL,AM Station,,,04/01/2022,12/12/2013,LICENSED,WATERVILLE,ME,,1490.0,Y,,,,"TOWNSQUARE MEDIA AUGUSTA/WATERVILLE LICENSE, LLC",1 MANHATTANVILLE ROAD,SUITE 202,PURCHASE,10577,,NY,(203)861-0900,,,,1738922,,,,56 Western Avenue -Suite 1,,Augusta,04330,,ME,2076234735,2076202035,http://koolam.com,julie.beaulieu@townsquaremedia.com,Julie Beaulieu,,111,,,,,,,,,,,,,
36,56570,WCME,AM Station,,,04/01/2022,10/17/2012,LICENSED,BRUNSWICK,ME,,900.0,Y,,,,JAMES B. BLEIKAMP,"14 MAINE STREET, SUITE 105",,BRUNSWICK,04011,,ME,(207)729-9949,,,,1531120,,,1602887,14 Maine Street,Suite 105,Brunswick Maine,04011,,ME,2077989094,,www.radio9wcme.com,jimwcme@gmail.com,James Bleikamp,,,,,,,,,,,,,,,
37,57300,WVOM,AM Station,,,04/01/2022,,LICENSED,ROCKLAND,ME,,1450.0,Y,,,,"BLUEBERRY BROADCASTING, LLC",P.O. BOX 2600,,KENNEBUNKPORT,04046,,ME,(207)967-8094,,,,132417,,,1581633,15 Payne Ave,,Rockland,04841,,ME,(207)623-9000,,http://www.wvomfm.com/,jackobrien@blueberrybroadcasting.com,,,,,,,,,,,,,,,,
38,58538,WZAN,AM Station,,,04/01/2022,,LICENSED,PORTLAND,ME,,970.0,Y,75987,,,"SAGA COMMUNICATIONS OF NEW ENGLAND, LLC",73 KERCHEVAL AVENUE,,GROSSE POINTE FARMS,48236,,MI,(313)886-7070,,,,305769,,,,420 Western Ave.,,South Portland,04106,,ME,207-774-4561,207-774-3788,theoutlawportland.com,pfhelp@portlandradiogroup.com,,,,,,,,,,,,,,,,
39,52176,WPNO,AM Station,,,04/01/2022,08/12/2020,LICENSED,SOUTH PARIS,ME,,1450.0,Y,,,,"BENNETT RADIO GROUP, LLC",271 FLETCHER RD.,,AUBURN,04210,,ME,(207)344-8007,,,,313851,,,1592588,,,,,,,,,,,,,,,,,,,,,,,,,,
40,64434,WLAM,AM Station,,,04/01/2022,,LICENSED,LEWISTON,ME,,1470.0,Y,,,,BLUE JEY BROADCASTING CO.,P O BOX 308,,BATH,04530,0308,ME,(207)442-0647,,,,313977,,,1591867,477 Congress St 3A,no USPS mail. Use P O Box,Portland,04101,,ME,844-MEMORY7,none,none,BobTheMusicMan7@aol.com,Bob Bittner,,,,,,,,,,,,,,,
41,66674,WZON,AM Station,,,04/01/2022,,LICENSED,BANGOR,ME,,620.0,Y,"79400,79401,79402",,,THE ZONE CORPORATION,P.O. BOX 1929,,BANGOR,04402,,ME,,,,,314777,,,1581330,861 Broadway,,Bangor,04401,,ME,207-990-2800,,www.zoneradio.com,howie@zoneradio.com,Howard Soule,,114,,,,,,,,,,,,,
42,68296,WHTP,AM Station,,,04/01/2022,10/16/2013,LICENSED,GARDINER,ME,,1280.0,Y,,,,"MAINEINVESTS, LLC",89 MUSSEY ROAD,SUITE 100,SCARBOROUGH,04074,,ME,(207)883-0615,,,,1779845,,,,89 Mussy Rd.,Ste. 100,Scarborough,04074,,ME,207-883-0615,none,none,lee@mainestreamonline.com,Ryan Dillon,,,,,,,,,,,,,,,
43,128805,WHZP,AM Station,,,04/01/2022,03/04/2005,LICENSED,VEAZIE,ME,,1400.0,Y,,,,"MAINEINVESTS, LLC",89 MUSSEY ROAD,SUITE 100,SCARBOROUGH,04074,,ME,(207)883-0615,,,,1813930,,,,89 Mussey Rd.,Ste. 100,Scarborough,04074,,ME,207-883-0615,,hotradiomaine.com,hotradiomaine@mainestreamonline.com,Ryan Deelon,,,,,,,,,,,,,,,
44,128808,WBAN,AM Station,,,04/01/2022,12/03/2002,LICENSED,VEAZIE,ME,,1340.0,Y,,,,"PORT BROADCASTING, LLC",11 DOWNING COURT,,EXETER,03833,1903,NH,(603)583-4767,,,,613356,,,1600430,11 Downing Court,,Exeter,03833,,NH,603-583-4767,,www.941thewave.com,pete@portbroadcast.com,Pete Falconi,,,,,,,,,,,,,,,
45,22880,WCYY,FM Station,232,,04/01/2022,,LICENSED,BIDDEFORD,ME,H,94.3,Y,,,,"TOWNSQUARE MEDIA PORTLAND LICENSE, LLC",1 MANHATTANVILLE ROAD,SUITE 202,PURCHASE,10577,,NY,(203)861-0900,,,,253795,,,1591033,One City Center,3rd Floor,Portland,04101,,ME,207-774-6364,207-774-8707,www.wcyy.com,herb.ivy@townsquaremedia.com,Herb Ivy,,,,,,,,,,,,,,,
46,341,WKSQ,FM Station,233,,04/01/2022,,LICENSED,ELLSWORTH,ME,H,94.5,Y,,,,"BLUEBERRY BROADCASTING, LLC",P.O. BOX 2600,,KENNEBUNKPORT,04046,,ME,(207)967-8094,,,,87293,,,1581354,184 Target Industrial Circle,,Bangor,04401,,ME,(207)947-9100,,http://www.kissfm.net/,jackobrien@blueberrybroadcasting.com,,,,,,,,,,,,,,,,
47,9422,WQHR,FM Station,241,,04/01/2022,,LICENSED,PRESQUE ISLE,ME,H,96.1,Y,,,,"TOWNSQUARE MEDIA PRESQUE ISLE LICENSE, LLC",1 MANHATTANVILLE ROAD,SUITE 202,PURCHASE,10577,,NY,(203)861-0900,,,,1689676,,,,551 Main Street,,Presque Isle,04769,,ME,207 769-6600,207 764-5274,http://q961.com/,mark.shaw@townsquaremedia.com,Mark Shaw,,119,,,,,,,,,,,,,
48,4092,WVOM-FM,FM Station,280,,04/01/2022,05/07/2001,LICENSED,HOWLAND,ME,H,103.9,Y,,,,"BLUEBERRY BROADCASTING, LLC",P.O. BOX 2600,,KENNEBUNKPORT,04046,,ME,(207)967-8094,,,,1128648,,,1581372,184 Target Industrial Circle,,BANGOR,04401,,ME,(207)947-9100,,http://www.wvomfm.com/,jackobrien@blueberrybroadcasting.com,,,,,,,,,,,,,,,,
49,421,WJCX,FM Station,258,,04/01/2022,,LICENSED,PITTSFIELD,ME,ED,99.5,Y,,,,CALVARY CHAPEL OF BANGOR,154 RIVER ROAD,,ORRINGTON,04474,,ME,(207)991-9555,,,,1360254,,,1591765,154 River Road,,Orrington,04474,,ME,2073560118,,wjcx.com,wjcx99.5@ccbangor.org,Mike Archer,,,,,,,,,,,,,,,
50,6782,WCRQ,FM Station,275,,04/01/2022,,LICENSED,DENNYSVILLE,ME,H,102.9,Y,,,,"WQDY, INC.",637 MAIN STREET,,CALAIS,04619,,ME,(207)454-7545,,,,1534102,,,1596416,637 Main Street,,Calais,04619,,ME,207-454-7545,207-454-3062,www.wcrq.fm,bill@wqdy.fm,William McVicar,,,,,,,,,,,,,,,
51,3665,WHCF,FM Station,203,,04/01/2022,,LICENSED,BANGOR,ME,ED,88.5,Y,,,,"LIGHTHOUSE RADIO NETWORK, INC.",P.O. BOX 5000,,BANGOR,04402,,ME,(207)947-2751,,,,216689,,,1591960,PO Box 5000,,Bangor,04402,,ME,207-947-2751,207-947-0010,www.whcffm.com,tim@solutionfm.com,Timothy Collins,,,,,,,,,,,,,,,
52,3671,WBFB,FM Station,246,,04/01/2022,08/08/2002,LICENSED,BANGOR,ME,H,97.1,Y,,,,"BLUEBERRY BROADCASTING, LLC",P.O. BOX 2600,,KENNEBUNKPORT,04046,,ME,(207)967-8094,,,,604844,,,1581375,184 Target Industrial Circle,,BANGOR,04401,,ME,(207)947-9100,,http://www.971thebear.com/,jackobrien@blueberrybroadcasting.com,,,,,,,,,,,,,,,,
53,66712,WNSX,FM Station,249,,04/01/2022,,LICENSED,WINTER HARBOR,ME,H,97.7,Y,,,,"STONY CREEK BROADCASTING, LLC",14 WESTWOOD DRIVE,,ELLSWORTH,04605,,ME,(207)667-0002,,,,282554,,,1589705,409 High Street,,Ellsworth,04605,,ME,(207) 667-0002,,,mark@star977.com,Mark Osborne,,,,,,,,,,,,,,,
54,4090,WBQA,FM Station,244,,04/01/2022,,LICENSED,BOOTHBAY HARBOR,ME,ED,96.7,Y,,,,MAINE PUBLIC BROADCASTING CORPORATION,1450 LISBON STREET,,LEWISTON,04240,,ME,(207)783-9101,,,,1765975,,,,63 Texas Avenue,,Bangor,04401,,ME,207-404-5118,207-942-2857,www.mainepublic.org,jmahaney@mainepublic.org,Jeffrey Mahaney,,,,,,,,,,,,,,,
55,4380,WSHK,FM Station,287,,04/01/2022,,LICENSED,KITTERY,ME,H,105.3,Y,,,,"TOWNSQUARE MEDIA PORTSMOUTH LICENSE, LLC",1 MANHATTANVILLE ROAD,SUITE 202,PURCHASE,10577,,NY,(203)861-0900,,,,178325,,,1591027,292 Midlle Road,,DOVER,03820,,NH,603 749 9750,603-749-1459,www.shark1053.com,Herb.Ivy@townsquaremedia.com,Herb Ivy,,,,,,,,,,,,,,,
56,49564,WBQX,FM Station,295,,04/01/2022,,LICENSED,THOMASTON,ME,H,106.9,Y,,,,"WBIN MEDIA CO., INC.",126 DANIEL STREET,SUITE 200,PORTSMOUTH,03801,,NH,(603)431-0000,,,,174431,,,1591835,"30 Thomas Drive, , Unit 4",Unit 4,Westbrook,04092,,ME,207-797-0780,,,sbennett@binradio.com,Stan Bennett,,,,,,,,,,,,,,,
57,25747,WKIT-FM,FM Station,262,,04/01/2022,,LICENSED,BREWER,ME,H,100.3,Y,,,,THE ZONE CORPORATION,PO BOX 1929,,BANGOR,04402,,ME,,,,,1642160,,,,861 Broadway,,Bangor,04401,,ME,207-990-2800,none,wkit@zoneradio.com,kwood@zoneradio.com,Kenneth Wood,,,,,,,,,,,,,,,
58,41105,WBYA,FM Station,288,,04/01/2022,,LICENSED,ISLESBORO,ME,H,105.5,Y,,,,"WBIN MEDIA CO., INC.",126 DANIEL STREET,SUITE 200,PORTSMOUTH,03801,,NH,(603)431-0000,,,,281315,,,1591843,"30 Thomas Drive, Unit 4",Unit 4,Westbrook,04092,,ME,207-797-0780,,,sbennett@binradio.com,Stan Bennett,,,,,,,,,,,,,,,
59,28151,WHSN,FM Station,207,,04/01/2022,,LICENSED,BANGOR,ME,ED,89.3,Y,,,,HUSSON UNIVERSITY,1 COLLEGE CIRCLE,,BANGOR,04401,,ME,,,,,1202756,,,1598577,1 College Circle,,Bangor,04401,,ME,207-973-1011,207-992-1936,whsn-fm.com,nasonm@husson.edu,Mark Nason,,,,,,,,,,,,,,,
60,3134,WJBQ,FM Station,250,,04/01/2022,,LICENSED,PORTLAND,ME,H,97.9,Y,,,,"TOWNSQUARE MEDIA PORTLAND LICENSE, LLC",1 MANHATTANVILLE ROAD,SUITE 202,PURCHASE,10577,,NY,(203)861-0900,,,,93486,,,1591035,One City Center,Third Floor,Portland,04101,,ME,207-774-6364,207-774-8707,www.wjbq.com,herb.ivy@townsquaremedia.com,Herb Ivy,,,,,,,,,,,,,,,
61,53405,WRBC,FM Station,218,,04/01/2022,,LICENSED,LEWISTON,ME,ED,91.5,Y,,,,PRESIDENT & TRUSTEES OF BATES COLLEGE,121 LANE HALL,,LEWISTON,04240,,ME,,,,,45090,,,1603997,,,,,,,,,,,,,,,,,,,,,,,,,,
62,58726,WERU-FM,FM Station,210,,04/01/2022,,LICENSED,BLUE HILL,ME,ED,89.9,Y,,,,SALT POND COMMUNITY BROADCASTING COMPANY,P.O. BOX 170,,EAST ORLAND,04431,,ME,,,,,1276492,,,1577142,1186 Acadia Highway,,East Orland,04431,,ME,800-625-9378,,https://weru.org/,matt@weru.org,Matt Murphy,,,,,,,,,,,,,,,
63,60040,WSHD,FM Station,219,,04/01/2022,,LICENSED,EASTPORT,ME,ED,91.7,Y,,,,SHEAD MEMORIAL HIGH SCHOOL,89 HIGH STREET,,EASTPORT,04631,,ME,,,,,51413,,,1596630,,,,,,,,,,,,,,,,,,,,,,,,,,
64,9180,WJJB-FM,FM Station,242,,04/01/2022,,LICENSED,GRAY,ME,H,96.3,Y,,,,"ATLANTIC COAST RADIO, LLC",779 WARREN AVE,,PORTLAND,04103,,ME,(207)284-9600,,,,1234169,,,1575123,779 Warren Ave,,Portland,04103,,ME,207-773-9695,207-761-4406,thebigjab.com,jon@atlanticcoastradio.com,Jon Van Hoogenstyn,,11,,,,,,,,,,,,,
65,9284,WQCB,FM Station,293,,04/01/2022,,LICENSED,BREWER,ME,H,106.5,Y,,,,"TOWNSQUARE MEDIA BANGOR LICENSE, LLC",1 MANHATTANVILLE ROAD,SUITE 202,PURCHASE,10577,,NY,(203)861-0900,,,,90717,,,1583782,49 Acme Road,,Brewer,04412,,ME,207-989-5631,207-989-5685,http://q1065.fm/,fred.miller@townsquaremedia.com,Fred Miller,,,,,,,,,,,,,,,
66,67698,WOXO-FM,FM Station,224,,04/01/2022,08/09/2020,LICENSED,NORWAY,ME,H,92.7,Y,,,,"BENNETT RADIO GROUP, LLC",271 FLETCHER RD.,,AUBURN,04210,,ME,(207)344-8007,,,,1342429,,,1592602,243 Main St,,Norway,04268,,ME,207-344-8007,,www.woxo.com,stan@bennettradiogroup.com,Stan Bennett,,,,,,,,,,,,,,,
67,65497,WCXU,FM Station,249,,04/01/2022,,LICENSED,CARIBOU,ME,H,97.7,Y,,,,THE CANXUS BROADCASTING CORPORATION,152 EAST GREEN RIDGE RD.,,CARIBOU,04736,,ME,,,,,215778,,,1593655,152 East Green Ridge Road,,Caribou,04736,,ME,1-800-660-9298,1-207-472-3221,channelxradio,channelxradio@yahoo.com,Richard Chandles,,,,,,,,,,,,,,,
68,65947,WMHB,FM Station,209,,04/01/2022,05/21/2001,LICENSED,WATERVILLE,ME,ED,89.7,Y,,,,THE MAYFLOWER HILL BROADCASTING CORP.,MAYFLOWER HILL DRIVE,COLBY COLLEGE,WATERVILLE,04901,,ME,,,,,505005,,,1603906,4280 Mayflower Hill,,Waterville,04901,,ME,207-859-4280,207-859-4285,http://www.wmhbradio.org/,Jess.Manno@colby.edu,Jess Manno,,,,,,,,,,,,,,,
69,69132,WMPG,FM Station,215,,04/01/2022,,LICENSED,GORHAM,ME,ED,90.9,Y,,,,UNIVERSITY OF MAINE SYSTEM,46 UNIVERSITY DRIVE,,AUGUSTA,04330,,ME,,,,,1457869,,,1598273,96 Falmouth St - Mailing address,92 Bedford St - Physical Location,Portland,04104,,ME,207-780-4943,,wmpg.org,stationmanager@wmpg.org,James Rand,,,,,,,,,,,,,,,
70,69317,WUPI,FM Station,221,,04/01/2022,08/27/2001,LICENSED,PRESQUE ISLE,ME,ED,92.1,Y,,,,UNIVERSITY OF MAINE SYSTEM,107 MAIN STREET,,BANGOR,04401,,ME,,,,,49940,,,1598402,181 Main St,209 Pullen Hall,Presque Isle,04769,,ME,207-768-9565,,http://wp.umpi.edu/wupi/,wupi@maine.edu,Rachel Rice,,,,,,,,,,,,,,,
71,74067,WXEX-FM,FM Station,221,,04/01/2022,03/21/2000,LICENSED,SANFORD,ME,H,92.1,Y,,,,"PORT BROADCASTING, LLC",11 DOWNING COURT,,EXETER,03833,1540,NH,(603)583-4767,,,,430116,,,1602905,11 Downing Court,,Exeter,03833,,NH,6035834767,,www.seacoastoldies.com,pete@portbroadcast.com,Pete Falconi,,,,,,,,,,,,,,,
72,171239,WMEK,FM Station,201,,04/01/2022,11/03/2013,LICENSED,KENNEBUNKPORT,ME,ED,88.1,Y,,,,WORD RADIO EDUCATIONAL FOUNDATION,P.O. BOX 398,,NEW DURHAM,03855,0398,NH,(603)859-9170,,,,1662650,25076f91738371f70173922b71bf0287,,1592880,2 Ridge Road,,New Durham,03855,,NH,603-765-8386,,communityliferadio.org,ron@wordradio.net,Ron Malone,,,,,,,,,,,,,,,
73,76041,WCXV,FM Station,251,,04/01/2022,02/12/2008,LICENSED,VAN BUREN,ME,H,98.1,Y,,,,CANXUS BROADCASTING CORPORATION,152 EAST GREENRIDGE ROAD,,CARIBOU,04736,3737,ME,,,,,1646279,,,,152 East Green Ridge Road,,Caribou,04736,,ME,1-800-660-9298,1-207-472-3221,channelxradio.com,channelxradio@yahoo.com,Richard Chandler,,,,,,,,,,,,,,,
74,78242,WYAR,FM Station,202,,04/01/2022,11/25/2019,LICENSED,YARMOUTH,ME,ED,88.3,Y,,,,"HERITAGE RADIO SOCIETY, INC.",219 COUSINS STREET,,YARMOUTH,04096,,ME,,,,,1088565,,,1600955,219 Cousins St,,Yarmouth,04096,,ME,207-650-0581,,wyar.org,j.w.brown@ieee.org,James Woodman Brown,,,,,,,,,,,,,,,
75,12160,WPPI,FM Station,238,,04/01/2022,,LICENSED,TOPSHAM,ME,H,95.5,Y,,,,"ATLANTIC COAST RADIO, LLC",779 WARREN AVENUE,,PORTLAND,04103,,ME,(207)773-9695,,,,186647,,,1575143,779 Warren Ave,,Portland,04103,,ME,207-773-9695,207-761-4406,,jon@atlanticcoastradio.com,Jon Van Hoogenstyn,,11,,,,,,,,,,,,,
76,12882,WZLO,FM Station,276,,04/01/2022,,LICENSED,DOVER-FOXCROFT,ME,H,103.1,Y,,,,THE ZONE CORPORATION,P.O. BOX 1929,,BANGOR,04402,1929,ME,(207)990-2800,,,,1426748,,,1581340,861 Broadway,,Bangor,04401,,ME,207-990-2800,,wzlofm.com,kwood@zoneradio.com,Ken Wood,,,,,,,,,,,,,,,
77,172799,WRGY,FM Station,213,,04/01/2022,09/15/2010,LICENSED,RANGELEY,ME,ED,90.5,Y,,,,TRANET,P.O. BOX 844,,RANGELEY,04970,,ME,(207)864-9749,,,,1764677,,,,2493 Main Street,,Rangeley,04970,,ME,2078649749,,,wrgyradio@gmail.com,Ernest Gurney,,,,,,,,,,,,,,,
78,17482,WYFP,FM Station,220,,04/01/2022,,LICENSED,HARPSWELL,ME,ED,91.9,Y,,,,"BIBLE BROADCASTING NETWORK, INC.",11530 CARMEL COMMONS BLVD,,CHARLOTTE,28226,3976,NC,(704)523-5555,,,,188139,,,1585140,11530 Carmel Commons Blvd.,,Charlotte,28226,,NC,1-800-888-7077,712-432-7155,www.bbnradio.org,jshimmel@bbnmedia.org,Joshua Shimmel,,,,,,,,,,,,,,,
79,17483,WMSJ,FM Station,207,,04/01/2022,12/29/1999,LICENSED,FREEPORT,ME,ED,89.3,Y,,,,EDUCATIONAL MEDIA FOUNDATION,5700 WEST OAKS BLVD.,,ROCKLIN,95765,,CA,(916)251-1600,,,,1520500,,,1572543,,,,,,,,,,,,,,,,,,,,,,,,,,
80,17673,WEZQ,FM Station,225,,04/01/2022,,LICENSED,BANGOR,ME,H,92.9,Y,,,,"TOWNSQUARE MEDIA BANGOR LICENSE, LLC",1 MANHATTANVILLE ROAD,SUITE 202,PURCHASE,10577,,NY,(203)861-0900,,,,93985,,,1583777,49 Acme Road,,Brewer,04412,,ME,207-989-5631,207-989-5685,http://929theticket.com/,fred.miller@townsquaremedia.com,Fred Miller,,,,,,,,,,,,,,,
81,28684,WQSK,FM Station,248,,04/01/2022,,LICENSED,MADISON,ME,H,97.5,Y,,,,"BLUEBERRY BROADCASTING, LLC",P.O. BOX 2600,,KENNEBUNKPORT,04046,,ME,(207)967-8094,,,,210594,,,1581606,184 Target Industrial Circle,,BANGOR,04401,,ME,(207)947-9100,,http://www.kissfm.net/,jackobrien@blueberrybroadcasting.com,,,,,,,,,,,,,,,,
82,18535,WBZN,FM Station,297,,04/01/2022,01/14/2000,LICENSED,OLD TOWN,ME,H,107.3,Y,,,,"TOWNSQUARE MEDIA BANGOR LICENSE, LLC",1 MANHATTANVILLE ROAD,SUITE 202,PURCHASE,10577,,NY,(203)861-0900,,,,1678817,,,,49 Acme Road,,Brewer,04412,,ME,207-989-5631,207-989-5685,http://z1073.com/,fred.miller@townsquaremedia.com,Fred Miller,,,,,,,,,,,,,,,
83,174338,WUMF,FM Station,218,,04/01/2022,11/30/2010,LICENSED,FARMINGTON,ME,ED,91.5,Y,,,,UNIVERSITY OF MAINE SYSTEM,46 UNIVERSITY DRIVE,,AUGUSTA,04330,,ME,(207)621-3462,,,,1408702,,,1593848,111 South St,Olsen Student Center,Farmington,04938,,ME,207-778-7352,,http://www2.umf.maine.edu/wumf/,,MIke Diffin,,,,,,,,,,,,,,,
84,22184,WBPW,FM Station,245,,04/01/2022,02/29/2000,LICENSED,PRESQUE ISLE,ME,H,96.9,Y,,,,"TOWNSQUARE MEDIA LICENSEE OF PEORIA, INC.",1 MANHATTANVILLE ROAD,SUITE 202,PURCHASE,10577,,NY,(203)861-0900,,,,402042,,,1584243,551 Main Street,,Presque Isle,04769,,ME,207 769-6600,207 764-5274,http://bigcountry969.com/,mark.shaw@townsquaremedia.com,Mark Shaw,,119,,,,,,,,,,,,,
85,22323,WKTJ-FM,FM Station,257,,04/01/2022,,LICENSED,FARMINGTON,ME,H,99.3,Y,,,,"KATAHDIN COMMUNICATIONS, INC.",P.O. BOX 1240,35 LAKE ROAD,MILLINOCKET,04462,,ME,(207)723-9657,,,,296082,,,,,,,,,,,,,,,,,,,,,,,,,,,,,
86,22878,WBLM,FM Station,275,,04/01/2022,03/19/2001,LICENSED,PORTLAND,ME,H,102.9,Y,,,,"TOWNSQUARE MEDIA PORTLAND LICENSE, LLC",1 MANHATTANVILLE ROAD,SUITE 202,PURCHASE,10577,,NY,(203)861-0900,,,,660548,,,1591031,One City Center,3rd Floor,Portland,04101,,ME,207-774-6364,207-774-8707,www.wblm.com,herb.ivy@townsquaremedia.com,Herb Ivy,,,,,,,,,,,,,,,
87,24949,WTHT,FM Station,260,,04/01/2022,,LICENSED,AUBURN,ME,H,99.9,Y,,,,"WBIN MEDIA CO., INC.",126 DANIEL STREET,SUITE 200,PORTSMOUTH,03801,,NH,(603)431-0000,,,,273171,,,1591875,30 Thomas Drive,Unit 4,Westbrook,04092,,ME,(207) 797-0780,,www.999thewolf.com,sbennett@binradio.com,Stan Bennett,,,,,,,,,,,,,,,
88,69267,WMEB-FM,FM Station,220,,04/01/2022,04/13/2018,LICENSED,ORONO,ME,ED,91.9,Y,,,,UNIVERSITY OF MAINE SYSTEM,46 UNIVERSITY DRIVE,,AUGUSTA,04330,,ME,,,,,1353156,,,1768217,"5748 Memorial Union, Room 164",,Orono,04469,,ME,207-581-4340,,wmeb919.com,wmeb.manager@maine.edu,Mike Murphy,,,,,,,,,,,,,,,
89,69640,WPEI,FM Station,240,,04/01/2022,09/24/2002,LICENSED,SACO,ME,H,95.9,Y,,,,"ATLANTIC COAST RADIO, LLC",779 WARREN AVE,,PORTLAND,04103,1007,ME,,,,,606991,,,1575139,779 Warren Ave,,Portland,04103,,ME,207-773-9695,207-761-4406,,jon@atlanticcoastradio.com,Jon Van Hoogenstyn,,11,,,,,,,,,,,,,
90,33288,WBCI,FM Station,290,,04/01/2022,,LICENSED,BATH,ME,H,105.9,Y,,,,"BLOUNT COMMUNICATIONS, INC.",8 LAWRENCE ROAD,,DERRY,03038,,NH,(603)437-9337,,,,288479,,,1598671,122 Main Street,,Topsham,04886,,ME,207-725-9224,207-725-2686,www.lifechangingradio.com/wbci,dyoung@lifechangingradio.com,David Young,,,,,,,,,,,,,,,
91,33470,WSYY-FM,FM Station,235,,04/01/2022,,LICENSED,MILLINOCKET,ME,H,94.9,Y,,,,"KATAHDIN COMMUNICATIONS, INC.",P.O. BOX 1240,LAKE ROAD,MILLINOCKET,04462,,ME,(207)723-9657,,,,151222,,,1601446,,,,,,,,,,,,,,,,,,,,,,,,,,
92,35218,WTBU,FM Station,237,,04/01/2022,10/17/2001,LICENSED,YORK CENTER,ME,H,95.3,Y,,,,"CAPSTAR TX, LLC",7136 S. YALE AVENUE,SUITE 501,TULSA,74136,,OK,(918)664-4581,,,,1462888,,,1600815,815 Lafayette Rd,,Portsmouth,03801,,NH,603-436-7300,,953bull.iheart.com,DisabilityAccessContact@iheartmedia.com,Matthew Blaisdell,,,,,,,,,,,,,,,
93,17670,WWMJ,FM Station,239,,04/01/2022,,LICENSED,ELLSWORTH,ME,H,95.7,Y,,,,"TOWNSQUARE MEDIA BANGOR LICENSE, LLC",1 MANHATTANVILLE ROAD,SUITE 202,PURCHASE,10577,,NY,(203)861-0900,,,,119898,,,1583795,49 Acme Road,,Brewer,04412,,ME,207-989-5631,207-989-5685,http://i95rocks.com/,fred.miller@townsquaremedia.com,Fred Miller,,,,,,,,,,,,,,,
94,25411,WBAK,FM Station,284,,04/01/2022,,LICENSED,BELFAST,ME,H,104.7,Y,,,,"BLUEBERRY BROADCASTING, LLC",P.O. BOX 2600,,KENNEBUNKPORT,04046,,ME,(207)967-8094,,,,87014,,,1581349,184 Target Industrial Circle,,Bangor,04401,,ME,(207)947-9100,,http://www.big104fm.com/,jackobrien@blueberrybroadcasting.com,,,,,,,,,,,,,,,,
95,26388,WFMX,FM Station,300,,04/01/2022,,LICENSED,SKOWHEGAN,ME,H,107.9,Y,,,,"MOUNTAIN WIRELESS, INC.",2104 WEST FIRST STREET,APT. 2303,FORT MYERS,33901,,FL,(781)771-3721,,,,1725393,,,,,,,,,,,,,,,,,,,,,,,,,,,,,
96,26389,WARX,FM Station,230,,04/01/2022,,LICENSED,LEWISTON,ME,ED,93.9,Y,,,,EDUCATIONAL MEDIA FOUNDATION,5700 WEST OAKS BLVD.,,ROCKLIN,95765,,CA,(916)251-1600,,,,1239523,,,1591498,,,,,,,,,,,,,,,,,,,,,,,,,,
97,28685,WKVZ,FM Station,271,,04/01/2022,01/22/2002,LICENSED,DEXTER,ME,ED,102.1,Y,,,,EDUCATIONAL MEDIA FOUNDATION,5700 WEST OAKS BLVD.,,ROCKLIN,95765,,CA,(916)251-1600,,,,1545180,,,1591495,,,,,,,,,,,,,,,,,,,,,,,,,,
98,37467,WWWA,FM Station,237,,04/01/2022,01/30/2001,LICENSED,WINSLOW,ME,ED,95.3,Y,,,,"LIGHT OF LIFE MINISTRIES, INC.",160 BANGOR STREET,,AUGUSTA,04330,,ME,,,,,1057951,,,1600194,160 Riverside Drive,,Augusta,04330,,ME,2076221340,,worshipradionetwork.org,publicfile@worshipradionetwork.org,Nadine Beckim,,,,,,,,,,,,,,,
99,39645,WMEW,FM Station,217,,04/01/2022,02/20/2001,LICENSED,WATERVILLE,ME,ED,91.3,Y,,,,MAINE PUBLIC BROADCASTING CORPORATION,1450 LISBON ST,,LEWISTON,04240,3514,ME,(207)783-9101,,,,535529,,,1592486,63 Texas Avenue,,Bangor,04401,,ME,2074045118,2079422857,www.mainepublic.org,jmahaney@mainepublic.org,Jeffrey Mahaney,,,,,,,,,,,,,,,
100,39646,WMED,FM Station,209,,04/01/2022,03/23/2000,LICENSED,CALAIS,ME,ED,89.7,Y,,,,MAINE PUBLIC BROADCASTING CORPORATION,1450 LISBON ST,,LEWISTON,04240,3514,ME,(207)783-9101,,,,285593,,,1592425,63 Texas Avenue,,Bangor,04401,,ME,2074045118,2079422857,www.mainepublic.org,jmahaney@mainepublic.org,Jeffrey Mahaney,,,,,,,,,,,,,,,
101,39650,WMEH,FM Station,215,,04/01/2022,,LICENSED,BANGOR,ME,ED,90.9,Y,,,,MAINE PUBLIC BROADCASTING CORPORATION,1450 LISBON ST,,LEWISTON,04240,3514,ME,(207)783-9101,,,,704103,,,1592462,63 Texas Avenue,,Bangor,04401,,ME,2074045118,2079422857,www.mainepublic.org,jmahaney@mainepublic.org,Jeffrey Mahaney,,,,,,,,,,,,,,,
102,39653,WMEF,FM Station,293,,04/01/2022,,LICENSED,FORT KENT,ME,ED,106.5,Y,,,,MAINE PUBLIC BROADCASTING CORPORATION,1450 LISBON ST,,LEWISTON,04240,3514,ME,(207)783-9101,,,,1105326,,,1592451,63 Texas Avenue,,Bangor,04401,,ME,2074045118,207942-2857,www.mainepublic.org,jmahaney@mainepublic.org,Jeffrey Mahaney,,,,,,,,,,,,,,,
103,39661,WMEM,FM Station,291,,04/01/2022,03/20/2001,LICENSED,PRESQUE ISLE,ME,ED,106.1,Y,,,,MAINE PUBLIC BROADCASTING CORPORATION,1450 LISBON ST,,LEWISTON,04240,3514,ME,(207)783-9101,,,,608092,,,1592476,63 Texas Avenue,,Bangor,04401,,ME,2074045118,2079422857,www.mainepublic.org,jmahaney@mainepublic.org,Jeffrey Mahaney,,,,,,,,,,,,,,,
104,39655,WMEA,FM Station,211,,04/01/2022,11/19/1999,LICENSED,PORTLAND,ME,ED,90.1,Y,,,,MAINE PUBLIC BROADCASTING CORPORATION,1450 LISBON STREET,,LEWISTON,04240,3514,ME,(207)783-9101,,,,285537,,,1586457,63 Texas Avenue,,Bangor,04401,,ME,2074045118,2079422857,www.mainepublic.org,jmahaney@mainepublic.org,Jeffrey Mahaney,,,,,,,,,,,,,,,
105,41007,WOZI,FM Station,270,,04/01/2022,,LICENSED,PRESQUE ISLE,ME,H,101.9,Y,,,,"TOWNSQUARE MEDIA PRESQUE ISLE LICENSE, LLC",1 MANHATTANVILLE ROAD,SUITE 202,PURCHASE,10577,,NY,(203)861-0900,,,,279950,,,1584129,551 Main Street,,Presque Isle,04769,,ME,207 769-6600,207 764-5274,http://1019therock.com/,mark.shaw@townsquaremedia.com,Mark Shaw,,119,,,,,,,,,,,,,
106,40925,WBKA,FM Station,299,,04/01/2022,,LICENSED,BAR HARBOR,ME,H,107.7,Y,,,,"BLUEBERRY BROADCASTING, LLC",P.O. BOX 2600,,KENNEBUNKPORT,04046,,ME,(207)967-8094,,,,209062,,,1581520,184 Target Industrial Circle,,Bangor,04401,,ME,(207)947-9100,,http://www.big104fm.com/,jackobrien@blueberrybroadcasting.com,,,,,,,,,,,,,,,,
107,41104,WQSS,FM Station,273,,04/01/2022,,LICENSED,CAMDEN,ME,H,102.5,Y,,,,"BLUEBERRY BROADCASTING, LLC",P.O. BOX 2600,,KENNEBUNKPORT,04046,,ME,(207)967-8094,,,,1716944,,,,15 Payne Ave,,Rockland,04841,,ME,(207)623-9000,,http://www.kissfm.net/,jackobrien@blueberrybroadcasting.com,,,,,,,,,,,,,,,,
108,46352,WTOS-FM,FM Station,286,,04/01/2022,,LICENSED,SKOWHEGAN,ME,H,105.1,Y,,,,"BLUEBERRY BROADCASTING, LLC",P.O. BOX 2600,,KENNEBUNKPORT,04046,,ME,(207)967-8094,,,,1654254,,,,125 Community Drive,Suite 201,Augusta,04330,,ME,(207)623-9000,,http://www.wtosfm.com/,jackobrien@blueberrybroadcasting.com,,,,,,,,,,,,,,,,
109,46353,WCTB,FM Station,228,,04/01/2022,,LICENSED,FAIRFIELD,ME,H,93.5,Y,,,,"MOUNTAIN WIRELESS, INC.",P.O. BOX 274,,NORTH MARSHFIELD,02059,,MA,(207)474-5171,,,,193582,,,1585616,,,,,,,,,,,,,,,,,,,,,,,,,,
110,46323,WIGY-FM,FM Station,264,,04/01/2022,08/10/2020,LICENSED,MEXICO,ME,H,100.7,Y,,,,"BENNETT RADIO GROUP, LLC",271 FLETCHER RD.,,AUBURN,04210,,ME,(207)344-8007,,,,602521,,,1592620,243 Main St.,,Norway,04268,,ME,207-344-8007,,www.woxo.com,stan@bennettradiogroup.com,Stan Bennett,,,,,,,,,,,,,,,
111,49690,WHMX,FM Station,289,,04/01/2022,,LICENSED,LINCOLN,ME,ED,105.7,Y,,,,"LIGHTHOUSE RADIO NETWORK, INC.",P.O. BOX 5000,,BANGOR,04402,,ME,(207)947-2751,,,,264034,,,1591963,PO Box 5000,,Bangor,04402,,ME,207-947-2751,207-947-0010,www.solutionfm.com,Tim@solutionfm.com,Timothy Collins,,,,,,,,,,,,,,,
112,49982,WPOR,FM Station,270,,04/01/2022,09/07/2001,LICENSED,PORTLAND,ME,H,101.9,Y,,,,"SAGA COMMUNICATIONS OF NEW ENGLAND, LLC",73 KERCHEVAL AVENUE,,GROSSE POINTE FARMS,48236,,MI,(313)886-7070,,,,1297140,,,1580158,420 Western Ave.,,South Portland,04106,,ME,207-774-4561,207-774-3788,wpor.com,pfhelp@portlandradiogroup.com,,,,,,,,,,,,,,,,
113,52037,WHOU-FM,FM Station,261,,04/01/2022,,LICENSED,HOULTON,ME,H,100.1,Y,,,,"NORTHERN MAINE MEDIA, INC.",PO BOX 40,,HOULTON,04730,,ME,(207)956-0597,,,,258922,,,1598644,39 Court St.,Suite 215,Houlton,04730,,ME,2075323600,8556329468,www.whoufm.com,fred@whoufm.com,Fred Grant,,,,,,,,,,,,,,,
114,52605,WMME-FM,FM Station,222,,04/01/2022,,LICENSED,AUGUSTA,ME,H,92.3,Y,,,,"TOWNSQUARE MEDIA AUGUSTA/WATERVILLE LICENSE, LLC",1 MANHATTANVILLE ROAD,SUITE 202,PURCHASE,10577,,NY,(203)861-0900,,,,143066,,,1583682,56 Western Avenue -Suite 1,,Augusta,04330,,ME,2076234735,2076202035,http://www.92moose.fm/,julie.beaulieu@townsquaremedia.com,Julie Beaulieu,,111,,,,,,,,,,,,,
115,52608,WEBB,FM Station,253,,04/01/2022,,LICENSED,WATERVILLE,ME,H,98.5,Y,,,,"TOWNSQUARE MEDIA AUGUSTA/WATERVILLE LICENSE, LLC",1 MANHATTANVILLE ROAD,SUITE 202,PURCHASE,10577,,NY,(203)861-0900,,,,208332,,,1583694,56 Western Avenue -Suite 1,,Augusta,04330,,ME,2076234735,2076202035,http://b985.fm/,julie.beaulieu@townsquaremedia.com,Julie Beaulieu,,111,,,,,,,,,,,,,
116,54578,WALZ-FM,FM Station,237,,04/01/2022,,LICENSED,MACHIAS,ME,H,95.3,Y,,,,"WILLIAM MCVICAR & ROGER HOLST, GEN. PARTNERSHIP",637 MAIN STREET,,CALAIS,04619,,ME,(207)454-7545,,,,5808,,,1596365,637 Main Street,,Calais,04619,,ME,207-255-4652,207-454-3062,www.wqdy.fm,bill@wqdy.fm,William McVicar,,,,,,,,,,,,,,,
117,56569,WCLZ,FM Station,255,,04/01/2022,,LICENSED,NORTH YARMOUTH,ME,H,98.9,Y,,,,"SAGA COMMUNICATIONS OF NEW ENGLAND, LLC",73 KERCHEVAL AVENUE,,GROSSE POINTE FARMS,48236,,MI,(313)886-7070,,,,1414392,,,1580162,420 Western Ave.,,South Portland,04106,,ME,207-774-4561,207-774-3788,989wclz.com,pfhelp@portlandradiogroup.com,,,,,,,,,,,,,,,,
118,57301,WMCM,FM Station,277,,04/01/2022,12/21/2001,LICENSED,ROCKLAND,ME,H,103.3,Y,,,,"BLUEBERRY BROADCASTING, LLC",P.O. BOX 2600,,KENNEBUNKPORT,04046,,ME,(207)967-8094,,,,1716946,,,,15 Payne Ave,,Rockland,04841,,ME,(207)623-9000,,http://www.971thebear.com/,jackobrien@blueberrybroadcasting.com,,,,,,,,,,,,,,,,
119,58536,WYNZ,FM Station,265,,04/01/2022,,LICENSED,SOUTH PORTLAND,ME,H,100.9,Y,,,,"SAGA COMMUNICATIONS OF NEW ENGLAND, LLC",73 KERCHEVAL AVENUE,,GROSSE POINTE FARMS,48236,,MI,(313)886-7070,,,,1331524,,,1580161,420 Western Ave.,,South Portland,04106,,ME,207-774-4561,207-774-3788,rewind1009.com,pfhelp@portlandradiogroup.com,,,,,,,,,,,,,,,,
120,58548,WMGX,FM Station,226,,04/01/2022,,LICENSED,PORTLAND,ME,H,93.1,Y,,,,"SAGA COMMUNICATIONS OF NEW ENGLAND, LLC",73 KERCHEVAL AVENUE,,GROSSE POINTE FARMS,48236,,MI,(313)886-7070,,,,1059016,,,1580154,420 Western Ave.,,South Portland,04106,,ME,207-774-4561,207-774-3788,coast931.com,pfhelp@portlandradiogroup.com,,,,,,,,,,,,,,,,
121,59505,WKVV,FM Station,269,,04/01/2022,,LICENSED,SEARSPORT,ME,ED,101.7,Y,,,,EDUCATIONAL MEDIA FOUNDATION,5700 WEST OAKS BLVD.,,ROCKLIN,95765,,CA,(916)251-1600,,,,1292366,,,1591502,,,,,,,,,,,,,,,,,,,,,,,,,,
122,59534,WXTP,FM Station,294,,04/01/2022,,LICENSED,NORTH WINDHAM,ME,ED,106.7,Y,,,,"RELEVANT RADIO, INC.",1496 BELLEVUE STREET,SUITE 202,GREEN BAY,54307,6060,WI,(920)884-1460,,,,1498863,,,1596820,1496 Bellevue St.,Suite 202,Green Bay,54307,,WI,8772910123,,relevantradio.com,info@relevantradio.com,,,,,,,,,,,,,,,,
123,62289,WBFE,FM Station,256,,04/01/2022,,LICENSED,BAR HARBOR,ME,H,99.1,Y,,,,"BLUEBERRY BROADCASTING, LLC",P.O. BOX 2600,,KENNEBUNKPORT,04046,,ME,(207)967-8094,,,,1514430,,,1581363,184 Target Industrial Circle,,Bangor,04401,,ME,(207)947-9100,,http://www.971thebear.com/,jackobrien@blueberrybroadcasting.com,,,,,,,,,,,,,,,,
124,65498,WCXX,FM Station,272,,04/01/2022,,LICENSED,MADAWASKA,ME,H,102.3,Y,,,,THE CANXUS BROADCASTING CORPORATION,152 E. GREEN RIDGE RD,,CARIBOU,04736,3737,ME,(207)473-7513,,,,1493355,,,1603444,152 East Green Ridge Road,,Caribou,04736,,ME,1-800-660-9298,1-207-472-3221,channelxradio.com,channelxradio@yahoo.com,Richard Chandler,,,,,,,,,,,,,,,
125,65675,WFNK,FM Station,298,,04/01/2022,,LICENSED,LEWISTON,ME,H,107.5,Y,,,,"WBIN MEDIA CO., INC.",126 DANIEL STREET,SUITE 200,PORTSMOUTH,03801,,NH,(603)431-0000,,,,1050325,25076f916fcf8e04016fecb412650bed,,1591847,30 Thomas Drive,Unit 4,Westbrook,04092,,ME,(207) 797-0780,,www.1075frankfm.com,sbennett@binradio.com,Stan Bennett,,,,,,,,,,,,,,,
126,66276,WBOR,FM Station,216,,04/01/2022,,LICENSED,BRUNSWICK,ME,ED,91.1,Y,,,,BOWDOIN COLLEGE,5600 COLLEGE STATION,,BRUNSWICK,04011,8447,ME,(207)725-3092,,,,1761304,,,,6200 College Station,Bowdoin College,Brunswick,04011,,ME,207-798-4244,,http://www.wbor.org/,nhintze@bowdoin.edu,Nathan HIntze,,,,,,,,,,,,,,,
127,68297,WABK-FM,FM Station,282,,04/01/2022,,LICENSED,GARDINER,ME,H,104.3,Y,,,,"BLUEBERRY BROADCASTING, LLC",P.O. BOX 2600,,KENNEBUNKPORT,04046,,ME,(207)967-8094,,,,58576,,,1581595,125 Community Drive,Suite 201,Augusta,04330,,ME,(207)623-9000,,http://www.big104fm.com/,jackobrien@blueberrybroadcasting.com,,,,,,,,,,,,,,,,
128,68660,WVQM,FM Station,267,,04/01/2022,,LICENSED,AUGUSTA,ME,H,101.3,Y,,,,"BLUEBERRY BROADCASTING, LLC",P.O. BOX 2600,,KENNEBUNKPORT,04046,,ME,(207)967-8094,,,,1338218,,,1581637,125 Community Drive,Suite 201,Augusta,04330,,ME,(207)623-9000,,http://www.wvomfm.com/,jackobrien@blueberrybroadcasting.com,,,,,,,,,,,,,,,,
129,69854,WBQQ,FM Station,257,,04/01/2022,,LICENSED,KENNEBUNK,ME,H,99.3,Y,,,,"WBIN MEDIA CO., INC.",126 DANIEL STREET,SUITE 200,PORTSMOUTH,03801,,NH,(603)431-0000,,,,167770,,,1591767,30 Thomas Drive,Unit 4,Westbrook,04092,,ME,(207) 797-0780,,www.999thewolf.com,sbennett@binradio.com,Stan Bennett,,,,,,,,,,,,,,,
130,69855,WHTP-FM,FM Station,284,,04/01/2022,,LICENSED,KENNEBUNKPORT,ME,H,104.7,Y,,,,"MAINESTREAM MEDIA, LLC",89 MUSSEY ROAD,SUITE 100,SCARBOROUGH,04074,,ME,(207)883-0615,,,,210192,,,1596074,89 Mussey Rd.,Suite 100,Scarborough,04074,,ME,2078830615,,hotradiomaine.com,ryan@mainestreamonline.com,Ryan Dillon,,,,,,,,,,,,,,,
131,73885,WHXR,FM Station,292,,04/01/2022,,LICENSED,SCARBOROUGH,ME,H,106.3,Y,,,,"WBIN MEDIA CO., INC.",126 DANIEL STREET,SUITE 200,PORTSMOUTH,03801,,NH,(603)431-0000,,,,1117305,,,1591856,30 Thomas Drive,Unit 4,Westbrook,04092,,ME,(207) 797-0780,,www.1063rocks.com,sbennett@binradio.com,Stan Bennett,,,,,,,,,,,,,,,
132,73718,WSEW,FM Station,204,,04/01/2022,,LICENSED,SANFORD,ME,ED,88.7,Y,,,,WORD RADIO EDUCATIONAL FOUNDATION,P.O. BOX 398,,NEW DURHAM,03855,0398,NH,(603)859-9170,,,,1582737,,,1592867,2 Ridge Road,,New Durham,03855,,NH,603-765-8386,,www.wordradio.net,ron@wordradio.net,Ron Malone,,,,,,,,,,,,,,,
133,73915,WQDY-FM,FM Station,224,,04/01/2022,,LICENSED,CALAIS,ME,H,92.7,Y,,,,"WQDY, INC.",637 MAIN STREET,,CALAIS,04619,,ME,(207)454-7545,,,,291688,,,,637 Main Street,,Calais,04619,,ME,207-454-7545,207-454-3062,www.wqdy.fm,bill@wqdy.fm,William McVicar,,,,,,,,,,,,,,,
134,84096,WBQE,FM Station,229,,04/01/2022,03/26/2012,LICENSED,MILBRIDGE,ME,ED,93.7,Y,,,,MAINE PUBLIC BROADCASTING CORPORATION,1450 LISBON STREET,,LEWISTON,04240,,ME,(207)783-9101,,,,1781248,,,,63 Texas Avenue,,Bangor,04401,,ME,207-404-5118,207-942-2857,www.mainepublic.org,jmahaney@mainepublic.org,Jeffrey Mahaney,,,,,,,,,,,,,,,
135,92341,WMDR-FM,FM Station,205,,04/01/2022,01/29/2015,LICENSED,OAKLAND,ME,ED,88.9,Y,,,,"LIGHT OF LIFE MINISTRIES, INC.",160 RIVERSIDE DRIVE,,AUGUSTA,04330,,ME,(207)622-1340,,,,1759943,,,,160 Riverside Drive,,Augusta,04330,,ME,2076221340,,worshipradionetwork.org,publicfile@worshipradionetwork.org,Nadine Beckim,,,,,,,,,,,,,,,
136,92566,WMEP,FM Station,213,,04/01/2022,02/07/2002,LICENSED,CAMDEN,ME,ED,90.5,Y,,,,MAINE PUBLIC BROADCASTING CORPORATION,1450 LISBON ST,,LEWISTON,04240,3514,ME,(207)783-9101,,,,586807,,,1592496,63 Texas Avenue,,Bangor,04401,,ME,2074045118,2079422857,www.mainepublic.org,jmahaney@mainepublic.org,Jeffrey Mahaney,,,,,,,,,,,,,,,
137,123284,WMEY,FM Station,201,,04/01/2022,01/24/2013,LICENSED,BOWDOIN,ME,ED,88.1,Y,,,,"LIGHT OF LIFE MINISTRIES, INC.",160 RIVERSIDE DRIVE,,AUGUSTA,04330,,ME,(207)622-1340,,,,1806556,,,,160 Riverside Drive,,Augusta,04330,,ME,2076221340,,worshipradionetwork.org,publicfile@worshipradionetwork.org,Nadine Beckim,,,,,,,,,,,,,,,
138,165949,WTUX,FM Station,266,,04/01/2022,06/03/2010,LICENSED,GOULDSBORO,ME,H,101.1,Y,,,,"BLUEBERRY BROADCASTING, LLC",P.O. BOX 2600,,KENNEBUNKPORT,04046,,ME,(207)967-8094,,,,1368833,,,1581521,184 Target Industrial Circle,,Bangor,04401,,ME,(207)947-9100,,http://www.wtosfm.com/,jackobrien@blueberrybroadcasting.com,,,,,,,,,,,,,,,,
139,170487,WBCQ-FM,FM Station,234,,04/01/2022,10/28/2008,LICENSED,MONTICELLO,ME,H,94.7,Y,,,,"ALLAN H. WEINER & BARBARA A. WEINER, D/B/A WBCQ RADIO",274 BRITTON ROAD,,MONTICELLO,04760,3110,ME,(207)538-9180,,,,1262822,,,1600132,,,,,,,,,,,,,,,,,,,,,,,,,,
140,170898,WTBP,FM Station,209,,04/01/2022,08/16/2012,LICENSED,BATH,ME,ED,89.7,Y,,,,"RELEVANT RADIO, INC.",1496 BELLEVUE STREET,SUITE 202,GREEN BAY,54307,6060,WI,(920)884-1460,,,,1731534,,,,1496 Bellevue St.,Suite 202,Green Bay,54307,,WI,8772910123,,relevantradio.com,info@relevantradio.com,,,,,,,,,,,,,,,,
141,172500,WRKJ,FM Station,203,,04/01/2022,11/03/2011,LICENSED,WESTBROOK,ME,ED,88.5,Y,,,,WORD RADIO EDUCATIONAL FOUNDATION,P.O. BOX 398,,NEW DURHAM,03855,,NH,(603)859-9170,,,,1452499,,,1592856,2 Ridge Road,,New Durham,03855,,NH,603-765-8386,,communityliferadio.org,ron@wordradio.net,Ron Malone,,,,,,,,,,,,,,,
142,172331,WWTP,FM Station,208,,04/01/2022,04/26/2012,LICENSED,AUGUSTA,ME,ED,89.5,Y,,,,"RELEVANT RADIO, INC.",1496 BELLEVUE STREET,SUITE 202,GREEN BAY,54307,,WI,(920)884-1460,,,,1784821,,,,1496 Bellevue St.,Suite 202,Green Bay,54307,,WI,8772910123,,relevantradio.com,info@relevantradio.com,,,,,,,,,,,,,,,,
143,172503,WUMM,FM Station,216,,04/01/2022,01/15/2009,LICENSED,MACHIAS,ME,ED,91.1,Y,,,,UNIVERSITY OF MAINE SYSTEM,46 UNIVERSITY DRIVE,,AUGUSTA,04330,,ME,(207)621-3462,,,,1733049,,,1770427,116 OBrien Ave,102 Reynolds Center,Machias,04654,,ME,207-255-1240,,http://machias.edu/campus-life/student-engagement-inclusion/wumm-radio/,,Jacob Hanley,,,,,,,,,,,,,,,
144,174218,WRPB,FM Station,207,,04/01/2022,11/09/2017,LICENSED,BENEDICTA,ME,ED,89.3,Y,,,,"LIGHT OF LIFE MINISTRIES, INC.",160 RIVERSIDE DRIVE,,AUGUSTA,04330,,ME,(207)622-1340,,,,1696994,,,,160 Riverside Drive,,Augusta,04330,,ME,2076221340,,worshipradionetwork.org,publicfile@worshipradionetwork.org,Nadine Beckim,,,,,,,,,,,,,,,
145,174153,WBQF,FM Station,218,,04/01/2022,08/11/2016,LICENSED,FRYEBURG,ME,ED,91.5,Y,,,,MAINE PUBLIC BROADCASTING CORPORATION,1450 LISBON STREET,,LEWISTON,04240,,ME,(207)783-9101,,,,1418993,,,1600199,63 Texas Avenue,,Bangor,04401,,ME,2074045118,2079422857,www.mainepublic.org,jmahaney@mainepublic.org,Jeffrey Mahaney,,,,,,,,,,,,,,,
146,174228,WWLN,FM Station,213,,04/01/2022,12/16/2010,LICENSED,LINCOLN,ME,ED,90.5,Y,,,,"LIGHT OF LIFE MINISTRIES, INC.",160 RIVERSIDE DRIVE,,AUGUSTA,04330,,ME,(207)622-1340,,,,1656150,,,,160 Riverside Drive,,Augusta,04330,,ME,2076221340,,worshipradionetwork.org,publicfile@worshipradionetwork.org,Nadine Beckim,,,,,,,,,,,,,,,
147,174242,WRNM,FM Station,219,,04/01/2022,05/07/2020,LICENSED,ELLSWORTH,ME,ED,91.7,Y,,,,"LIGHT OF LIFE MINISTRIES, INC.",160 RIVERSIDE DRIVE,,AUGUSTA,04330,,ME,(207)622-1340,,,,1797176,,,,160 Riverside Drive,,Augusta,04330,,ME,2076221340,,worshipradionetwork.org,publicfile@worshipradionetwork.org,Nadine Beckim,,,,,,,,,,,,,,,
148,177407,WXBP,FM Station,212,,04/01/2022,01/06/2012,LICENSED,CORINTH,ME,ED,90.3,Y,,,,"RELEVANT RADIO, INC.",1496 BELLEVUE STREET,SUITE 202,GREEN BAY,54307,6060,WI,(920)884-1460,,,,1479627,,,1596827,1496 Bellevue St.,Suite 202,Green Bay,54307,,WI,8772910123,,relevantradio.com,info@relevantradio.com,,,,,,,,,,,,,,,,
