Index,Name,Type,real_urls
1,MAINE-LY A STITCH IN TIME,MARK,https://icrs.informe.org/nei-sos-icrs/ICRS?MarkSumm=19930285+M
2,MAINE-LY ACCOUNTING INCORPORATED,LEGAL,https://icrs.informe.org/nei-sos-icrs/ICRS?CorpSumm=19840005+D
3,"MAINE-LY ACTION RENTALS, INC.",LEGAL,https://icrs.informe.org/nei-sos-icrs/ICRS?CorpSumm=20121068+D
4,MAINE-LY AIRBORNE LLC,LEGAL,https://icrs.informe.org/nei-sos-icrs/ICRS?CorpSumm=20121980DC
5,MAINE-LY AMISH,ASSUMED,https://icrs.informe.org/nei-sos-icrs/ICRS?CorpSumm=19992093+D
6,MAINE-LY APPLES,LEGAL,https://icrs.informe.org/nei-sos-icrs/ICRS?CorpSumm=20090861+D
7,"MAINE-LY AQUARIUMS, LLC",LEGAL,https://icrs.informe.org/nei-sos-icrs/ICRS?CorpSumm=20163555DC
8,MAINE-LY ASIAN IMPORTS INC.,LEGAL,https://icrs.informe.org/nei-sos-icrs/ICRS?CorpSumm=19902305+D
9,MAINELY A MEMORY,ASSUMED,https://icrs.informe.org/nei-sos-icrs/ICRS?CorpSumm=20082548DC
10,"MAINELY ABODES, L.L.C.",LEGAL,https://icrs.informe.org/nei-sos-icrs/ICRS?CorpSumm=20032358DC
11,"MAINELY ACCESS, INC.",LEGAL,https://icrs.informe.org/nei-sos-icrs/ICRS?CorpSumm=20042486+D
12,"MAINELY ACCOUNTABLE, LLC",LEGAL,https://icrs.informe.org/nei-sos-icrs/ICRS?CorpSumm=20194302DC
13,"MAINELY ACQUISITIONS, LLC.",LEGAL,https://icrs.informe.org/nei-sos-icrs/ICRS?CorpSumm=20165652DC
14,"MAINELY ACUPUNCTURE, L.L.C.",LEGAL,https://icrs.informe.org/nei-sos-icrs/ICRS?CorpSumm=20180969DC
15,MAINELY ADVENTURES GUIDE SERVICE,MARK,https://icrs.informe.org/nei-sos-icrs/ICRS?MarkSumm=20080031+M
16,"MAINELY ADVENTURES LODGE, LLC",LEGAL,https://icrs.informe.org/nei-sos-icrs/ICRS?CorpSumm=20110148DC
17,MAINELY AERIALS PHOTOGRAPHY LLC,LEGAL,https://icrs.informe.org/nei-sos-icrs/ICRS?CorpSumm=20165006DC
18,"MAINELY AGILITY, LLC",LEGAL,https://icrs.informe.org/nei-sos-icrs/ICRS?CorpSumm=20141369DC
19,MAINELY ALPACA LLC,LEGAL,https://icrs.informe.org/nei-sos-icrs/ICRS?CorpSumm=20141747DC
20,MAINELY ANGELS,MARK,https://icrs.informe.org/nei-sos-icrs/ICRS?MarkSumm=20030114+M
21,MAINELY ANTIQUES,LEGAL,https://icrs.informe.org/nei-sos-icrs/ICRS?CorpSumm=19840075+D
22,MAINELY ANTIQUES,MARK,https://icrs.informe.org/nei-sos-icrs/ICRS?MarkSumm=19950286+M
23,"MAINELY APARTMENTS, LLC",LEGAL,https://icrs.informe.org/nei-sos-icrs/ICRS?CorpSumm=20185512DC
24,MAINELY APPLIANCE LLC,LEGAL,https://icrs.informe.org/nei-sos-icrs/ICRS?CorpSumm=20193343DC
25,"MAINELY APPRAISALS & CONSULTING, INC.",LEGAL,https://icrs.informe.org/nei-sos-icrs/ICRS?CorpSumm=20100538+D
26,MAINELY AQUATICS,LEGAL,https://icrs.informe.org/nei-sos-icrs/ICRS?CorpSumm=19962713+D
27,MAINELY ASIA CONSULTING,LEGAL,https://icrs.informe.org/nei-sos-icrs/ICRS?CorpSumm=20150618+D
28,MAINELY ATMS,ASSUMED,https://icrs.informe.org/nei-sos-icrs/ICRS?CorpSumm=19780768+D
29,MAINELY AUDIO LLC,LEGAL,https://icrs.informe.org/nei-sos-icrs/ICRS?CorpSumm=20042594DC
30,MAINELY AUTO,ASSUMED,https://icrs.informe.org/nei-sos-icrs/ICRS?CorpSumm=19851652+D
31,"MAINELY AUTOS, LLC",LEGAL,https://icrs.informe.org/nei-sos-icrs/ICRS?CorpSumm=20141923DC
32,"MAINELY AVIATION, INC.",LEGAL,https://icrs.informe.org/nei-sos-icrs/ICRS?CorpSumm=20090344+D
33,MAINELY AWNINGS - CANCELLED,ASSUMED,https://icrs.informe.org/nei-sos-icrs/ICRS?CorpSumm=20052904DC
34,MAINELY AWNINGS,ASSUMED,https://icrs.informe.org/nei-sos-icrs/ICRS?CorpSumm=19971029+D
1,"MAINE LY BEEF MANAGEMENT, INC.",LEGAL,https://icrs.informe.org/nei-sos-icrs/ICRS?CorpSumm=19911919+D
2,MAINE-LY BABYSITTERS!,MARK,https://icrs.informe.org/nei-sos-icrs/ICRS?MarkSumm=19870272+M
3,"MAINE-LY BATTERIES, INC.",LEGAL,https://icrs.informe.org/nei-sos-icrs/ICRS?CorpSumm=19980455+D
4,"MAINE-LY BATTERIES, INC.",LEGAL,https://icrs.informe.org/nei-sos-icrs/ICRS?CorpSumm=20110668+D
5,"MAINE-LY BREAD & SNACK, LLC",LEGAL,https://icrs.informe.org/nei-sos-icrs/ICRS?CorpSumm=20186374DC
6,"MAINELY BABIES, LLC",LEGAL,https://icrs.informe.org/nei-sos-icrs/ICRS?CorpSumm=20143715DC
7,MAINELY BABY BOTTOMS,LEGAL,https://icrs.informe.org/nei-sos-icrs/ICRS?CorpSumm=19930167+D
8,MAINELY BABY BOUTIQUE L.L.C.,LEGAL,https://icrs.informe.org/nei-sos-icrs/ICRS?CorpSumm=20164606DC
9,"MAINELY BAGELS, L.L.C.",LEGAL,https://icrs.informe.org/nei-sos-icrs/ICRS?CorpSumm=19970270DC
10,"MAINELY BAGS, INC.",LEGAL,https://icrs.informe.org/nei-sos-icrs/ICRS?CorpSumm=19882211+D
11,"MAINELY BAKED, LLC",LEGAL,https://icrs.informe.org/nei-sos-icrs/ICRS?CorpSumm=20180959DC
12,"MAINELY BANGOR STREET, LLC",LEGAL,https://icrs.informe.org/nei-sos-icrs/ICRS?CorpSumm=20062555DC
13,MAINELY BARGAINS LLC,LEGAL,https://icrs.informe.org/nei-sos-icrs/ICRS?CorpSumm=20153796DC
14,MAINELY BARK COMPANY,ASSUMED,https://icrs.informe.org/nei-sos-icrs/ICRS?CorpSumm=19961078+D
15,"MAINELY BARTENDERS, LLC",LEGAL,https://icrs.informe.org/nei-sos-icrs/ICRS?CorpSumm=20083424DC
16,"MAINELY BBQ & CO., LLC",LEGAL,https://icrs.informe.org/nei-sos-icrs/ICRS?CorpSumm=20101773DC
17,"MAINELY BEANS, LLC",LEGAL,https://icrs.informe.org/nei-sos-icrs/ICRS?CorpSumm=20073656DC
18,MAINELY BEANS,LEGAL,https://icrs.informe.org/nei-sos-icrs/ICRS?CorpSumm=19930829+D
19,MAINELY BEES LLC,LEGAL,https://icrs.informe.org/nei-sos-icrs/ICRS?CorpSumm=20187345DC
20,"MAINELY BENEFICIALS, LLC",LEGAL,https://icrs.informe.org/nei-sos-icrs/ICRS?CorpSumm=20160292DC
21,MAINELY BENEFITS LLC,LEGAL,https://icrs.informe.org/nei-sos-icrs/ICRS?CorpSumm=20171723DC
22,MAINELY BERRIES OF SOUTH BERWICK MAINE 03908,MARK,https://icrs.informe.org/nei-sos-icrs/ICRS?MarkSumm=19950301+M
23,MAINELY BIBS,LEGAL,https://icrs.informe.org/nei-sos-icrs/ICRS?CorpSumm=19932363+D
24,MAINELY BINGO,LEGAL,https://icrs.informe.org/nei-sos-icrs/ICRS?CorpSumm=19991560+D
25,MAINELY BINGO,MARK,https://icrs.informe.org/nei-sos-icrs/ICRS?MarkSumm=19980373+M
26,MAINELY BIRCHES,MARK,https://icrs.informe.org/nei-sos-icrs/ICRS?MarkSumm=20000124+M
27,MAINELY BLESSINGS LLC,LEGAL,https://icrs.informe.org/nei-sos-icrs/ICRS?CorpSumm=20174231DC
28,"MAINELY BLOOMS,LLC",LEGAL,https://icrs.informe.org/nei-sos-icrs/ICRS?CorpSumm=20195785DC
29,"MAINELY BOATS, INC.",LEGAL,https://icrs.informe.org/nei-sos-icrs/ICRS?CorpSumm=20170561+D
30,"MAINELY BOOKKEEPING, LLC",LEGAL,https://icrs.informe.org/nei-sos-icrs/ICRS?CorpSumm=20191737DC
31,MAINELY BOOKS,LEGAL,https://icrs.informe.org/nei-sos-icrs/ICRS?CorpSumm=20100984+D
32,MAINELY BOOZE,ASSUMED,https://icrs.informe.org/nei-sos-icrs/ICRS?CorpSumm=20122872DC
33,MAINELY BRASS,LEGAL,https://icrs.informe.org/nei-sos-icrs/ICRS?CorpSumm=19890510+D
34,"MAINELY BREAD, INC.",LEGAL,https://icrs.informe.org/nei-sos-icrs/ICRS?CorpSumm=20140274+D
35,MAINELY BREADS INC.,LEGAL,https://icrs.informe.org/nei-sos-icrs/ICRS?CorpSumm=20140342+D
36,MAINELY BREWS RESTAURANT & BREWHOUSE,ASSUMED,https://icrs.informe.org/nei-sos-icrs/ICRS?CorpSumm=20081457+D
37,"MAINELY BROTHERS PROPERTIES, LLC",LEGAL,https://icrs.informe.org/nei-sos-icrs/ICRS?CorpSumm=20175383DC
38,MAINELY BUBBAS LIMITED LIABILITY COMPANY,LEGAL,https://icrs.informe.org/nei-sos-icrs/ICRS?CorpSumm=19960059DC
39,MAINELY BUBBLES LAUNDROMAT,LEGAL,https://icrs.informe.org/nei-sos-icrs/ICRS?CorpSumm=20070318+D
40,MAINELY BUILDERS LLC,LEGAL,https://icrs.informe.org/nei-sos-icrs/ICRS?CorpSumm=20050591DC
41,MAINELY BUOYS LLC,LEGAL,https://icrs.informe.org/nei-sos-icrs/ICRS?CorpSumm=20155293DC
42,"MAINELY BURGERS, LLC",LEGAL,https://icrs.informe.org/nei-sos-icrs/ICRS?CorpSumm=20122872DC
43,MAINELY BUZZED,MARK,https://icrs.informe.org/nei-sos-icrs/ICRS?MarkSumm=20200043+M
1,"BOONDOCKS, MAINE-LY COMFORT FOODS, LLC",LEGAL,https://icrs.informe.org/nei-sos-icrs/ICRS?CorpSumm=20176660DC
2,MAINE-LY CLASSICS,ASSUMED,https://icrs.informe.org/nei-sos-icrs/ICRS?CorpSumm=19921314+D
3,"MAINE-LY CLOCKS, INC.",LEGAL,https://icrs.informe.org/nei-sos-icrs/ICRS?CorpSumm=19962816+D
4,"MAINE-LY CONCRETE PUMPING, INC.",LEGAL,https://icrs.informe.org/nei-sos-icrs/ICRS?CorpSumm=20021594+D
5,"MAINE-LY CONCRETE, CORP.",LEGAL,https://icrs.informe.org/nei-sos-icrs/ICRS?CorpSumm=19992462+D
6,"MAINE-LY COUNTRY WESTERN WEAR, INC.",LEGAL,https://icrs.informe.org/nei-sos-icrs/ICRS?CorpSumm=19741136+D
7,"MAINELY CABLE, INC.",LEGAL,https://icrs.informe.org/nei-sos-icrs/ICRS?CorpSumm=19890390ND
8,"MAINELY CALIFORNIA, LLC",LEGAL,https://icrs.informe.org/nei-sos-icrs/ICRS?CorpSumm=19970330DC
9,MAINELY CANDY LLC,LEGAL,https://icrs.informe.org/nei-sos-icrs/ICRS?CorpSumm=20141253DC
10,MAINELY CANNABIS LLC,LEGAL,https://icrs.informe.org/nei-sos-icrs/ICRS?CorpSumm=20152996DC
11,MAINELY CANVAS,ASSUMED,https://icrs.informe.org/nei-sos-icrs/ICRS?CorpSumm=19961972+D
12,MAINELY CAREGIVING,ASSUMED,https://icrs.informe.org/nei-sos-icrs/ICRS?CorpSumm=20141253DC
13,"MAINELY CARPENTRY, INC.",LEGAL,https://icrs.informe.org/nei-sos-icrs/ICRS?CorpSumm=19862581+D
14,MAINELY CATS LLC,LEGAL,https://icrs.informe.org/nei-sos-icrs/ICRS?CorpSumm=20196825DC
15,MAINELY CBD L.L.C.,LEGAL,https://icrs.informe.org/nei-sos-icrs/ICRS?CorpSumm=20197501DC
16,"MAINELY CENTRAL VACS, INC.",LEGAL,https://icrs.informe.org/nei-sos-icrs/ICRS?CorpSumm=19962503+D
17,MAINELY CHARACTER,LEGAL,https://icrs.informe.org/nei-sos-icrs/ICRS?CorpSumm=20010045ND
18,"MAINELY CHILDCARE, LLC",LEGAL,https://icrs.informe.org/nei-sos-icrs/ICRS?CorpSumm=20171304DC
19,MAINELY CHIPS LLC,LEGAL,https://icrs.informe.org/nei-sos-icrs/ICRS?CorpSumm=20163527DC
20,"MAINELY CHIROPRACTIC, LLC P.A.",LEGAL,https://icrs.informe.org/nei-sos-icrs/ICRS?CorpSumm=20123395DC
21,MAINELY CHOCOLATES LLP,LEGAL,https://icrs.informe.org/nei-sos-icrs/ICRS?CorpSumm=20010004DP
22,MAINELY CHRISTMAS,ASSUMED,https://icrs.informe.org/nei-sos-icrs/ICRS?CorpSumm=20010393+D
23,"MAINELY CLEANING COMPANY, INC.",ASSUMED,https://icrs.informe.org/nei-sos-icrs/ICRS?CorpSumm=19940112+D
24,MAINELY COATINGS LLC,LEGAL,https://icrs.informe.org/nei-sos-icrs/ICRS?CorpSumm=20161520DC
25,"MAINELY COFFEE, LLC",LEGAL,https://icrs.informe.org/nei-sos-icrs/ICRS?CorpSumm=20183586DC
26,MAINELY COMFORT LLC,LEGAL,https://icrs.informe.org/nei-sos-icrs/ICRS?CorpSumm=20164468DC
27,MAINELY COMPANY LLC,LEGAL,https://icrs.informe.org/nei-sos-icrs/ICRS?CorpSumm=20174274DC
28,"MAINELY COMPUTERS, INC.",LEGAL,https://icrs.informe.org/nei-sos-icrs/ICRS?CorpSumm=19921523+D
29,"MAINELY COMPUTERS, L.L.C.",LEGAL,https://icrs.informe.org/nei-sos-icrs/ICRS?CorpSumm=20121412DC
30,MAINELY COMPUTERS,FORMER,https://icrs.informe.org/nei-sos-icrs/ICRS?CorpSumm=19921523+D
31,"MAINELY CONSTRUCTION RENTALS, LLC",LEGAL,https://icrs.informe.org/nei-sos-icrs/ICRS?CorpSumm=20133132DC
32,"MAINELY CONSTRUCTION, LLC",LEGAL,https://icrs.informe.org/nei-sos-icrs/ICRS?CorpSumm=20042608DC
33,"MAINELY CONTRACTING, LLC",LEGAL,https://icrs.informe.org/nei-sos-icrs/ICRS?CorpSumm=20154543DC
34,MAINELY CONTROLS,LEGAL,https://icrs.informe.org/nei-sos-icrs/ICRS?CorpSumm=20060320+D
35,"MAINELY COOKOUTS, INC.",LEGAL,https://icrs.informe.org/nei-sos-icrs/ICRS?CorpSumm=20110095+D
36,MAINELY COOPER LLC,LEGAL,https://icrs.informe.org/nei-sos-icrs/ICRS?CorpSumm=20121543DC
37,"MAINELY COPIERS, INC.",LEGAL,https://icrs.informe.org/nei-sos-icrs/ICRS?CorpSumm=19902546+D
38,"MAINELY CORK HANDBAGS, LLC",LEGAL,https://icrs.informe.org/nei-sos-icrs/ICRS?CorpSumm=20194872DC
39,MAINELY COTTAGE LLC,LEGAL,https://icrs.informe.org/nei-sos-icrs/ICRS?CorpSumm=20186824DC
40,"MAINELY CRAFTS, LLC",LEGAL,https://icrs.informe.org/nei-sos-icrs/ICRS?CorpSumm=20032391DC
41,MAINELY CREAM LLC,LEGAL,https://icrs.informe.org/nei-sos-icrs/ICRS?CorpSumm=20185817DC
42,"MAINELY CREATIONS, INC.",LEGAL,https://icrs.informe.org/nei-sos-icrs/ICRS?CorpSumm=20040080+D
43,MAINELY CREATIONS,LEGAL,https://icrs.informe.org/nei-sos-icrs/ICRS?CorpSumm=19960575+D
44,MAINELY CUBS,LEGAL,https://icrs.informe.org/nei-sos-icrs/ICRS?CorpSumm=20080443+D
45,MAINELY CUSTARD 2,ASSUMED,https://icrs.informe.org/nei-sos-icrs/ICRS?CorpSumm=20170978+D
46,"MAINELY CUSTARD, LLC",FORMER,https://icrs.informe.org/nei-sos-icrs/ICRS?CorpSumm=20042023DC
47,MAINELY CUSTARD,ASSUMED,https://icrs.informe.org/nei-sos-icrs/ICRS?CorpSumm=20160036+D
48,"MAINELY CUSTOM BUILDERS, INC.",LEGAL,https://icrs.informe.org/nei-sos-icrs/ICRS?CorpSumm=19952554+D
49,"MAINELY CUSTOM BY DESIGN, INC.",LEGAL,https://icrs.informe.org/nei-sos-icrs/ICRS?CorpSumm=20011136+D
50,"MAINELY CUSTOM CARVING, LLC",LEGAL,https://icrs.informe.org/nei-sos-icrs/ICRS?CorpSumm=20010603DC
51,"MAINELY CUSTOM, LLC",LEGAL,https://icrs.informe.org/nei-sos-icrs/ICRS?CorpSumm=20053119DC
52,MAINELYCERTS,ASSUMED,https://icrs.informe.org/nei-sos-icrs/ICRS?CorpSumm=20140539DC
1,MAINE-LY DELIVERED MEALS,MARK,https://icrs.informe.org/nei-sos-icrs/ICRS?MarkSumm=20170002+M
2,MAINE-LY DISKS,LEGAL,https://icrs.informe.org/nei-sos-icrs/ICRS?CorpSumm=19930144+D
3,MAINE-LY DRAGONFLIES & BUTTERFLIES,MARK,https://icrs.informe.org/nei-sos-icrs/ICRS?MarkSumm=20080211+M
4,MAINE-LY DRIZZLE LLC,LEGAL,https://icrs.informe.org/nei-sos-icrs/ICRS?CorpSumm=20141435DC
5,MAINELY DEALS,RESERVED,https://icrs.informe.org/nei-sos-icrs/ICRS?CorpSumm=20190054RD
6,MAINELY DENIM,ASSUMED,https://icrs.informe.org/nei-sos-icrs/ICRS?CorpSumm=20194482DC
7,MAINELY DESIGNS,MARK,https://icrs.informe.org/nei-sos-icrs/ICRS?MarkSumm=19890237+M
8,"MAINELY DESSERTS, LLC",LEGAL,https://icrs.informe.org/nei-sos-icrs/ICRS?CorpSumm=20050921DC
9,MAINELY DETAILING,MARK,https://icrs.informe.org/nei-sos-icrs/ICRS?MarkSumm=20080235+M
10,MAINELY DETAILS LLC,LEGAL,https://icrs.informe.org/nei-sos-icrs/ICRS?CorpSumm=20153172DC
11,"MAINELY DEVELOPMENT, LLC",LEGAL,https://icrs.informe.org/nei-sos-icrs/ICRS?CorpSumm=20063200DC
12,MAINELY DIGGING LLC,LEGAL,https://icrs.informe.org/nei-sos-icrs/ICRS?CorpSumm=20190551DC
13,MAINELY DIGITAL PHOTOGRAPHY LLC,LEGAL,https://icrs.informe.org/nei-sos-icrs/ICRS?CorpSumm=20123462DC
14,"MAINELY DIGITIZING, INC.",ASSUMED,https://icrs.informe.org/nei-sos-icrs/ICRS?CorpSumm=20020655+D
15,"MAINELY DOG RESCUE, INC.",LEGAL,https://icrs.informe.org/nei-sos-icrs/ICRS?CorpSumm=20120489ND
16,MAINELY DRAFTING LLC,LEGAL,https://icrs.informe.org/nei-sos-icrs/ICRS?CorpSumm=20082183DC
17,MAINELY DREDGE LLC,LEGAL,https://icrs.informe.org/nei-sos-icrs/ICRS?CorpSumm=20073187DC
18,"MAINELY DRIVERS, INC.",LEGAL,https://icrs.informe.org/nei-sos-icrs/ICRS?CorpSumm=19990125+D
19,MAINELY DRIVING ACADEMY LLC,LEGAL,https://icrs.informe.org/nei-sos-icrs/ICRS?CorpSumm=20113304DC
20,MAINELY DRONING & PHOTOGRAPHY LLC,LEGAL,https://icrs.informe.org/nei-sos-icrs/ICRS?CorpSumm=20172993DC
21,"MAINELY-DOGS.COM, INC.",LEGAL,https://icrs.informe.org/nei-sos-icrs/ICRS?CorpSumm=20001906+D
1,"MAINE-LY EDUCATION, INC.",LEGAL,https://icrs.informe.org/nei-sos-icrs/ICRS?CorpSumm=19862701+D
2,MAINE-LY ELDER CARE,LEGAL,https://icrs.informe.org/nei-sos-icrs/ICRS?CorpSumm=20081104+D
3,MAINE-LY ELDER CARE,MARK,https://icrs.informe.org/nei-sos-icrs/ICRS?MarkSumm=19990409+M
4,MAINE-LY ENGLISH INC,LEGAL,https://icrs.informe.org/nei-sos-icrs/ICRS?CorpSumm=20190653+D
5,MAINE-LY EYES,ASSUMED,https://icrs.informe.org/nei-sos-icrs/ICRS?CorpSumm=20032012+D
6,"MAINELY E-BIKES, LLC",LEGAL,https://icrs.informe.org/nei-sos-icrs/ICRS?CorpSumm=20150715DC
7,"MAINELY EARTH IMAGES, LLC",LEGAL,https://icrs.informe.org/nei-sos-icrs/ICRS?CorpSumm=20052587DC
8,MAINELY EDI,FORMER,https://icrs.informe.org/nei-sos-icrs/ICRS?CorpSumm=19962173+D
9,MAINELY EDUCATION INC.,LEGAL,https://icrs.informe.org/nei-sos-icrs/ICRS?CorpSumm=20100206+F
10,MAINELY ELECTROLOGY LLC,LEGAL,https://icrs.informe.org/nei-sos-icrs/ICRS?CorpSumm=20192291DC
11,MAINELY EMBROIDERY LLC,LEGAL,https://icrs.informe.org/nei-sos-icrs/ICRS?CorpSumm=20182716DC
12,"MAINELY EMBROIDERY, INC.",FORMER,https://icrs.informe.org/nei-sos-icrs/ICRS?CorpSumm=20020655+D
13,"MAINELY ENGINEERING, INC.",LEGAL,https://icrs.informe.org/nei-sos-icrs/ICRS?CorpSumm=19892089+D
14,MAINELY ENGRAVING LLC,ASSUMED,https://icrs.informe.org/nei-sos-icrs/ICRS?CorpSumm=20121673DC
15,"MAINELY ENTERPRISES, LLC",LEGAL,https://icrs.informe.org/nei-sos-icrs/ICRS?CorpSumm=20154717DC
16,"MAINELY ENTERTAINMENT, INC.",LEGAL,https://icrs.informe.org/nei-sos-icrs/ICRS?CorpSumm=20170077+D
17,MAINELY ENVIRONMENTAL LLC,LEGAL,https://icrs.informe.org/nei-sos-icrs/ICRS?CorpSumm=20175762DC
18,MAINELY EQUINE BODYWORKS LLC,RESERVED,https://icrs.informe.org/nei-sos-icrs/ICRS?CorpSumm=20190141RC
19,"MAINELY ERRANDS, LLC",LEGAL,https://icrs.informe.org/nei-sos-icrs/ICRS?CorpSumm=20162141DC
20,"MAINELY ESCAPES, INC.",LEGAL,https://icrs.informe.org/nei-sos-icrs/ICRS?CorpSumm=20160269+D
21,"MAINELY EVENTS, LLC",LEGAL,https://icrs.informe.org/nei-sos-icrs/ICRS?CorpSumm=20174717DC
22,"MAINELY EXPORTS, LLC",LEGAL,https://icrs.informe.org/nei-sos-icrs/ICRS?CorpSumm=20182762DC
23,MAINELY EYES - CANCELLED,ASSUMED,https://icrs.informe.org/nei-sos-icrs/ICRS?CorpSumm=19990985+D
24,MAINELY EYES,LEGAL,https://icrs.informe.org/nei-sos-icrs/ICRS?CorpSumm=20130179+D
1,MAINE'LY FURNITURE RESTORATION AND REFINISHING LLC,LEGAL,https://icrs.informe.org/nei-sos-icrs/ICRS?CorpSumm=20191284DC
2,MAINE-LY FINANCIAL SERVICES LLC,FORMER,https://icrs.informe.org/nei-sos-icrs/ICRS?CorpSumm=20092641DC
3,MAINE-LY FIRE SPRINKLERS,ASSUMED,https://icrs.informe.org/nei-sos-icrs/ICRS?CorpSumm=19970555+F
4,"MAINE-LY FISH PRINTS AND MERCANTILE, LLC",LEGAL,https://icrs.informe.org/nei-sos-icrs/ICRS?CorpSumm=20151833DC
5,"MAINE-LY FISHING GUIDE SERVICE, INC.",LEGAL,https://icrs.informe.org/nei-sos-icrs/ICRS?CorpSumm=19861864+D
6,MAINE-LY FOAM,ASSUMED,https://icrs.informe.org/nei-sos-icrs/ICRS?CorpSumm=19960197+D
7,"MAINE-LY FOODS, INCORPORATED",LEGAL,https://icrs.informe.org/nei-sos-icrs/ICRS?CorpSumm=20030916+D
8,MAINE-LY FOR YOU,MARK,https://icrs.informe.org/nei-sos-icrs/ICRS?MarkSumm=19940037+M
9,"MAINELY FAMILIES, INC.",LEGAL,https://icrs.informe.org/nei-sos-icrs/ICRS?CorpSumm=19830298ND
10,"MAINELY FARM, HOME AND GARDEN, INC.",LEGAL,https://icrs.informe.org/nei-sos-icrs/ICRS?CorpSumm=19890740+D
11,"MAINELY FENCE, LLC",FORMER,https://icrs.informe.org/nei-sos-icrs/ICRS?CorpSumm=20152317DC
12,MAINELY FENCE,ASSUMED,https://icrs.informe.org/nei-sos-icrs/ICRS?CorpSumm=20140063+D
13,MAINELY FIREARMS LLC,LEGAL,https://icrs.informe.org/nei-sos-icrs/ICRS?CorpSumm=20185072DC
14,"MAINELY FIT, INC.",LEGAL,https://icrs.informe.org/nei-sos-icrs/ICRS?CorpSumm=20031961+D
15,MAINELY FITNESS LLC,LEGAL,https://icrs.informe.org/nei-sos-icrs/ICRS?CorpSumm=20130541DC
16,MAINELY FITNESS LLC,LEGAL,https://icrs.informe.org/nei-sos-icrs/ICRS?CorpSumm=20183045DC
17,MAINELY FITNESS PATIENCE RESISTENCE RESULTS,MARK,https://icrs.informe.org/nei-sos-icrs/ICRS?MarkSumm=20130054+M
18,"MAINELY FLAGS, INC.",LEGAL,https://icrs.informe.org/nei-sos-icrs/ICRS?CorpSumm=19950018+D
19,MAINELY FLOATS LLC,LEGAL,https://icrs.informe.org/nei-sos-icrs/ICRS?CorpSumm=20083821DC
20,"MAINELY FLOORS BY GEORGE, INC.",LEGAL,https://icrs.informe.org/nei-sos-icrs/ICRS?CorpSumm=20100152+D
21,MAINELY FOLK PRODUCTIONS,LEGAL,https://icrs.informe.org/nei-sos-icrs/ICRS?CorpSumm=19890504ND
22,"MAINELY FOOD & FUEL, INC.",LEGAL,https://icrs.informe.org/nei-sos-icrs/ICRS?CorpSumm=20070471+D
23,"MAINELY FOUNDATIONS, LLC",LEGAL,https://icrs.informe.org/nei-sos-icrs/ICRS?CorpSumm=20144129DC
24,"MAINELY FRAMES & GALLERY, INC.",LEGAL,https://icrs.informe.org/nei-sos-icrs/ICRS?CorpSumm=19961212+D
25,MAINELY FRIENDS,LEGAL,https://icrs.informe.org/nei-sos-icrs/ICRS?CorpSumm=19881002+D
26,MAINELY FUN CHILDERN'S GYM LLC,LEGAL,https://icrs.informe.org/nei-sos-icrs/ICRS?CorpSumm=20191612DC
27,MAINELY FURNITURE,ASSUMED,https://icrs.informe.org/nei-sos-icrs/ICRS?CorpSumm=19890510+D
1,"COMMUNITY ENRICH-MENT MATTERS, ENRICH-ME, EMPOWER-ME, COMMUNITY TREASURES, WISDOM CARE, HEALTHY MATTERS, MAINELY GIFTED, REACH-4 WELLNESS, COMMUNITY",MARK,https://icrs.informe.org/nei-sos-icrs/ICRS?MarkSumm=20020147+M
2,MAINE-LY GULLS AND BUOYS,MARK,https://icrs.informe.org/nei-sos-icrs/ICRS?MarkSumm=19990150+M
3,"MAINE-LY GYMNASTICS, INC.",LEGAL,https://icrs.informe.org/nei-sos-icrs/ICRS?CorpSumm=20012629+D
4,"MAINE-LY GYMNASTICS, INC",LEGAL,https://icrs.informe.org/nei-sos-icrs/ICRS?CorpSumm=20120160+D
5,MAINELY GAMES,MARK,https://icrs.informe.org/nei-sos-icrs/ICRS?MarkSumm=20160181+M
6,"MAINELY GEMS AND JEWELRY, INC.",LEGAL,https://icrs.informe.org/nei-sos-icrs/ICRS?CorpSumm=20100517+D
7,MAINELY GENETICS LLC,LEGAL,https://icrs.informe.org/nei-sos-icrs/ICRS?CorpSumm=20172899DC
8,MAINELY GIFTED,ASSUMED,https://icrs.informe.org/nei-sos-icrs/ICRS?CorpSumm=20020118ND
9,MAINELY GIRLS,LEGAL,https://icrs.informe.org/nei-sos-icrs/ICRS?CorpSumm=20000406ND
10,"MAINELY GLAMPING, LLC",LEGAL,https://icrs.informe.org/nei-sos-icrs/ICRS?CorpSumm=20171817DC
11,MAINELY GLASS INC.,ASSUMED,https://icrs.informe.org/nei-sos-icrs/ICRS?CorpSumm=20160661+D
12,"MAINELY GLOVES, LLC",LEGAL,https://icrs.informe.org/nei-sos-icrs/ICRS?CorpSumm=20113741DC
13,MAINELY GOAT RESCUE,LEGAL,https://icrs.informe.org/nei-sos-icrs/ICRS?CorpSumm=20180404ND
14,MAINELY GOAT SOAP,MARK,https://icrs.informe.org/nei-sos-icrs/ICRS?MarkSumm=20160127+M
15,MAINELY GOLF CONSTRUCTION,LEGAL,https://icrs.informe.org/nei-sos-icrs/ICRS?CorpSumm=19991830+D
16,MAINELY GOURMET FOODS & GIFTS L.L.C.,LEGAL,https://icrs.informe.org/nei-sos-icrs/ICRS?CorpSumm=19980126DC
17,MAINELY GOURMET,MARK,https://icrs.informe.org/nei-sos-icrs/ICRS?MarkSumm=19870240+M
18,MAINELY GOURMET,MARK,https://icrs.informe.org/nei-sos-icrs/ICRS?MarkSumm=20080199+M
19,"MAINELY GRASS HOLDINGS, LLC",LEGAL,https://icrs.informe.org/nei-sos-icrs/ICRS?CorpSumm=20175562DC
20,"MAINELY GRASS OF NORTHEASTERN MA, INC.",FORMER,https://icrs.informe.org/nei-sos-icrs/ICRS?CorpSumm=20150994+D
21,"MAINELY GRASS OF SOUTHEASTERN MA, INC.",FORMER,https://icrs.informe.org/nei-sos-icrs/ICRS?CorpSumm=20130466+D
22,"MAINELY GRASS, INC.",FORMER,https://icrs.informe.org/nei-sos-icrs/ICRS?CorpSumm=19982352+D
23,"MAINELY GREEN CLEANING SERVICES, LLC",LEGAL,https://icrs.informe.org/nei-sos-icrs/ICRS?CorpSumm=20153271DC
24,MAINELY GREEN CLEANING,MARK,https://icrs.informe.org/nei-sos-icrs/ICRS?MarkSumm=20080073+M
25,"MAINELY GREEN, LLC",LEGAL,https://icrs.informe.org/nei-sos-icrs/ICRS?CorpSumm=20172145DC
26,MAINELY GREENERY LLP,LEGAL,https://icrs.informe.org/nei-sos-icrs/ICRS?CorpSumm=20200001DP
27,MAINELY GREENS,LEGAL,https://icrs.informe.org/nei-sos-icrs/ICRS?CorpSumm=20120503ND
28,MAINELY GREYHOUNDS,LEGAL,https://icrs.informe.org/nei-sos-icrs/ICRS?CorpSumm=19940049ND
29,MAINELY GROCERY STORE,LEGAL,https://icrs.informe.org/nei-sos-icrs/ICRS?CorpSumm=20141162+D
1,MAINE-LY HARMONY,LEGAL,https://icrs.informe.org/nei-sos-icrs/ICRS?CorpSumm=19860247ND
2,"MAINE-LY HAY, LLC",LEGAL,https://icrs.informe.org/nei-sos-icrs/ICRS?CorpSumm=20141773DC
3,MAINE-LY HEALTHY VENDING LLC,LEGAL,https://icrs.informe.org/nei-sos-icrs/ICRS?CorpSumm=20121127DC
4,MAINE-LY HEARING,MARK,https://icrs.informe.org/nei-sos-icrs/ICRS?MarkSumm=20100056+M
5,"MAINE-LY HEATING OIL, LLC",LEGAL,https://icrs.informe.org/nei-sos-icrs/ICRS?CorpSumm=20111132DC
6,"MAINE-LY HISTORIC HOMES & GARDENS, LLC",LEGAL,https://icrs.informe.org/nei-sos-icrs/ICRS?CorpSumm=20161264DC
7,"MAINE-LY HOME ACQUISITIONS, LLC",LEGAL,https://icrs.informe.org/nei-sos-icrs/ICRS?CorpSumm=20160027FC
8,MAINE-LY HOME IMPROVEMENTS CORP.,LEGAL,https://icrs.informe.org/nei-sos-icrs/ICRS?CorpSumm=19870530+D
9,MAINE-LY HYDROPONICS,LEGAL,https://icrs.informe.org/nei-sos-icrs/ICRS?CorpSumm=19980802+D
10,"MAINELY HAIR, INC.",LEGAL,https://icrs.informe.org/nei-sos-icrs/ICRS?CorpSumm=19951299+D
11,"MAINELY HANDRAILS, LLC",LEGAL,https://icrs.informe.org/nei-sos-icrs/ICRS?CorpSumm=20184778DC
12,"MAINELY HARDSCAPES, LLC",LEGAL,https://icrs.informe.org/nei-sos-icrs/ICRS?CorpSumm=20161091DC
13,MAINELY HARDSCAPES,LEGAL,https://icrs.informe.org/nei-sos-icrs/ICRS?CorpSumm=20120742+D
14,"MAINELY HEALTH AND NUTRITION, L.L.C.",LEGAL,https://icrs.informe.org/nei-sos-icrs/ICRS?CorpSumm=20134106DC
15,MAINELY HEALTH AND SAFETY LLC,LEGAL,https://icrs.informe.org/nei-sos-icrs/ICRS?CorpSumm=20187046DC
16,MAINELY HEALTHCARE RECEIVABLES,LEGAL,https://icrs.informe.org/nei-sos-icrs/ICRS?CorpSumm=20081597+D
17,"MAINELY HEALTHY MOUTHS, INC.",LEGAL,https://icrs.informe.org/nei-sos-icrs/ICRS?CorpSumm=20100325ND
18,"MAINELY HEAT PUMPS, LLC",LEGAL,https://icrs.informe.org/nei-sos-icrs/ICRS?CorpSumm=20152345DC
19,"MAINELY HEATING, LLC",FORMER,https://icrs.informe.org/nei-sos-icrs/ICRS?CorpSumm=20111132DC
20,MAINELY HELPERS INC.,LEGAL,https://icrs.informe.org/nei-sos-icrs/ICRS?CorpSumm=20111057+D
21,MAINELY HELPING HANDS,MARK,https://icrs.informe.org/nei-sos-icrs/ICRS?MarkSumm=19930037+M
22,"MAINELY HEMP, LLC",LEGAL,https://icrs.informe.org/nei-sos-icrs/ICRS?CorpSumm=20196672DC
23,"MAINELY HERBALS, INC.",LEGAL,https://icrs.informe.org/nei-sos-icrs/ICRS?CorpSumm=19981011+D
24,MAINELY HERBS,ASSUMED,https://icrs.informe.org/nei-sos-icrs/ICRS?CorpSumm=20083392DC
25,MAINELY HOLDINGS LIMITED PARTNERSHIP,LEGAL,https://icrs.informe.org/nei-sos-icrs/ICRS?CorpSumm=20090000LP
26,MAINELY HOME IMPROVEMENT,LEGAL,https://icrs.informe.org/nei-sos-icrs/ICRS?CorpSumm=20100636+D
27,MAINELY HOME REPAIRS,MARK,https://icrs.informe.org/nei-sos-icrs/ICRS?MarkSumm=20110124+M
28,"MAINELY HOMES & FARMS, LLC",LEGAL,https://icrs.informe.org/nei-sos-icrs/ICRS?CorpSumm=20060391DC
29,MAINELY HOMES LLC,LEGAL,https://icrs.informe.org/nei-sos-icrs/ICRS?CorpSumm=20161719DC
30,"MAINELY HOMES, INC.",LEGAL,https://icrs.informe.org/nei-sos-icrs/ICRS?CorpSumm=19872522+D
31,"MAINELY HOURS, INC.",LEGAL,https://icrs.informe.org/nei-sos-icrs/ICRS?CorpSumm=20081018+D
32,"MAINELY HOUSE, LLC",LEGAL,https://icrs.informe.org/nei-sos-icrs/ICRS?CorpSumm=20190605FC
33,"MAINELY HRT, LLC",LEGAL,https://icrs.informe.org/nei-sos-icrs/ICRS?CorpSumm=20141924DC
34,"MAINELY HYDRO, LLC",LEGAL,https://icrs.informe.org/nei-sos-icrs/ICRS?CorpSumm=20153517DC
35,MAINELYHIKING LLC,FORMER,https://icrs.informe.org/nei-sos-icrs/ICRS?CorpSumm=20071674DC
36,MHBI MAINELY HOME & BUILDING INSPECTIONS,MARK,https://icrs.informe.org/nei-sos-icrs/ICRS?MarkSumm=20020006+M
1,DAVE GOVE'S MAINE-LY IMPORTS,MARK,https://icrs.informe.org/nei-sos-icrs/ICRS?MarkSumm=19970211+M
2,MAINE-LY ICE CREAM,MARK,https://icrs.informe.org/nei-sos-icrs/ICRS?MarkSumm=19910214+M
3,"MAINE-LY IMPORTS, INC.",LEGAL,https://icrs.informe.org/nei-sos-icrs/ICRS?CorpSumm=19971497+D
4,MAINE-LY INK INCORPORATED,LEGAL,https://icrs.informe.org/nei-sos-icrs/ICRS?CorpSumm=20091149+D
5,MAINE-LY INSPECTION SERVICES INC.,LEGAL,https://icrs.informe.org/nei-sos-icrs/ICRS?CorpSumm=20150476+D
6,MAINE-LY INSPECTION SERVICES LLC,LEGAL,https://icrs.informe.org/nei-sos-icrs/ICRS?CorpSumm=20093053DC
7,MAINE-LY IRISH,MARK,https://icrs.informe.org/nei-sos-icrs/ICRS?MarkSumm=20030258+M
8,"MAINELY ICE CREAM, LLC",LEGAL,https://icrs.informe.org/nei-sos-icrs/ICRS?CorpSumm=20154514DC
9,"MAINELY ICE, LLC",LEGAL,https://icrs.informe.org/nei-sos-icrs/ICRS?CorpSumm=20170412DC
10,MAINELY ICE,MARK,https://icrs.informe.org/nei-sos-icrs/ICRS?MarkSumm=20190095+M
11,"MAINELY IDEAS, LLC",LEGAL,https://icrs.informe.org/nei-sos-icrs/ICRS?CorpSumm=20154014DC
12,MAINELY IMAGE WEAR INC,LEGAL,https://icrs.informe.org/nei-sos-icrs/ICRS?CorpSumm=20160423+D
13,MAINELY INDEPENDENT,LEGAL,https://icrs.informe.org/nei-sos-icrs/ICRS?CorpSumm=20010962+D
14,"MAINELY INFUSIONS, LLC",LEGAL,https://icrs.informe.org/nei-sos-icrs/ICRS?CorpSumm=20181720DC
15,"MAINELY INSPECTIONS, INC.",LEGAL,https://icrs.informe.org/nei-sos-icrs/ICRS?CorpSumm=20002269+D
16,"MAINELY INTENSIVE THERAPIES, L.L.C.",LEGAL,https://icrs.informe.org/nei-sos-icrs/ICRS?CorpSumm=20102899DC
17,MAINELY INTERIORS,ASSUMED,https://icrs.informe.org/nei-sos-icrs/ICRS?CorpSumm=20081252+D
18,"MAINELY INTERNET, INC.",LEGAL,https://icrs.informe.org/nei-sos-icrs/ICRS?CorpSumm=19970720+F
19,"MAINELY INVESTMENT PROPERTIES, LLC",LEGAL,https://icrs.informe.org/nei-sos-icrs/ICRS?CorpSumm=20042628DC
20,MAINELY INVESTMENTS,LEGAL,https://icrs.informe.org/nei-sos-icrs/ICRS?CorpSumm=19890255+D
21,MAINELY IT LLC,LEGAL,https://icrs.informe.org/nei-sos-icrs/ICRS?CorpSumm=20197625DC
22,"MAINELYI REPAIR, LLC",LEGAL,https://icrs.informe.org/nei-sos-icrs/ICRS?CorpSumm=20153875DC
23,"MAINELYI, LLC",LEGAL,https://icrs.informe.org/nei-sos-icrs/ICRS?CorpSumm=20120209DC
1,"MAINE-LY JEEPS, LLC",LEGAL,https://icrs.informe.org/nei-sos-icrs/ICRS?CorpSumm=20120453DC
2,"MAINELY JEWELS, INC.",LEGAL,https://icrs.informe.org/nei-sos-icrs/ICRS?CorpSumm=19942045+D
3,MAINELY JORDAN PROPERTIES LLC,LEGAL,https://icrs.informe.org/nei-sos-icrs/ICRS?CorpSumm=20195671DC
4,"MAINELY JUNK REMOVAL & DELIVERY SERVICES, LLC",FORMER,https://icrs.informe.org/nei-sos-icrs/ICRS?CorpSumm=20190825+D
5,"MAINELY JUNK REMOVAL & PROPERTY SERVICES, LLC",FORMER,https://icrs.informe.org/nei-sos-icrs/ICRS?CorpSumm=20190825+D
6,MAINELY JUNK REMOVAL AND PROPERTY SERVICES,FORMER,https://icrs.informe.org/nei-sos-icrs/ICRS?CorpSumm=20190825+D
7,MAINELY JUST-US UNLIMITED INC.,LEGAL,https://icrs.informe.org/nei-sos-icrs/ICRS?CorpSumm=19990117ND
1,MAINELY K9,LEGAL,https://icrs.informe.org/nei-sos-icrs/ICRS?CorpSumm=20150250+D
2,"MAINELY KIDS & TEENS, LLC",FORMER,https://icrs.informe.org/nei-sos-icrs/ICRS?CorpSumm=20153776DC
3,"MAINELY KIDS & TEENS, PLLC",LEGAL,https://icrs.informe.org/nei-sos-icrs/ICRS?CorpSumm=20153776DC
4,MAINELY KIDS CHILD CARE & PRESCHOOL,ASSUMED,https://icrs.informe.org/nei-sos-icrs/ICRS?CorpSumm=20060577+D
5,MAINELY KIDS CHILD CARE,LEGAL,https://icrs.informe.org/nei-sos-icrs/ICRS?CorpSumm=20060577+D
6,MAINELY KIDS CHILDCARE & PRESCHOOL,MARK,https://icrs.informe.org/nei-sos-icrs/ICRS?MarkSumm=20060296+M
7,"MAINELY KIDS, INC.",LEGAL,https://icrs.informe.org/nei-sos-icrs/ICRS?CorpSumm=20042360+D
8,MAINELY KIDS,MARK,https://icrs.informe.org/nei-sos-icrs/ICRS?MarkSumm=19920197+M
9,"MAINELY KIDZ PT, INC.",LEGAL,https://icrs.informe.org/nei-sos-icrs/ICRS?CorpSumm=20052533+D
10,"MAINELY KIND CANNABIS COMPANY, LLC",LEGAL,https://icrs.informe.org/nei-sos-icrs/ICRS?CorpSumm=20191023DC
11,MAINELY KNOWLES LOBSTER,LEGAL,https://icrs.informe.org/nei-sos-icrs/ICRS?CorpSumm=20160127+D
12,"MAINELY-KNOBS, LLC",LEGAL,https://icrs.informe.org/nei-sos-icrs/ICRS?CorpSumm=20071418DC
13,"MAINELYKNOBS, LLC",FORMER,https://icrs.informe.org/nei-sos-icrs/ICRS?CorpSumm=20051645DC
1,"CARRIER'S MAINELY LOBSTER, INC.",LEGAL,https://icrs.informe.org/nei-sos-icrs/ICRS?CorpSumm=20100827+D
2,MAINE'LY LINENS,MARK,https://icrs.informe.org/nei-sos-icrs/ICRS?MarkSumm=19930167+M
3,MAINE'LY LOBSTAH CO. INC.,LEGAL,https://icrs.informe.org/nei-sos-icrs/ICRS?CorpSumm=20130673+D
4,"MAINE-LY LAKEFRONT PROPERTIES, LLC",LEGAL,https://icrs.informe.org/nei-sos-icrs/ICRS?CorpSumm=20132467DC
5,MAINE-LY LAND DEVELOPERS INC.,LEGAL,https://icrs.informe.org/nei-sos-icrs/ICRS?CorpSumm=19891010+D
6,"MAINE-LY LEGGIN'S PLUS, LLC",LEGAL,https://icrs.informe.org/nei-sos-icrs/ICRS?CorpSumm=20181140DC
7,MAINE-LY LOBSTER INC.,LEGAL,https://icrs.informe.org/nei-sos-icrs/ICRS?CorpSumm=19861374+D
8,"MAINELY LAKE PROPERTIES, LLC",LEGAL,https://icrs.informe.org/nei-sos-icrs/ICRS?CorpSumm=20020130DC
9,MAINELY LEASING,LEGAL,https://icrs.informe.org/nei-sos-icrs/ICRS?CorpSumm=20021362+D
10,MAINELY LENDING LLC,LEGAL,https://icrs.informe.org/nei-sos-icrs/ICRS?CorpSumm=20154024DC
11,MAINELY LETTERS AND LABELS,LEGAL,https://icrs.informe.org/nei-sos-icrs/ICRS?CorpSumm=19841857+D
12,MAINELY LINGONBERRIES CORPORATION,LEGAL,https://icrs.informe.org/nei-sos-icrs/ICRS?CorpSumm=19990266ND
13,"MAINELY LIQUIDATIONS, LLC",LEGAL,https://icrs.informe.org/nei-sos-icrs/ICRS?CorpSumm=20110671DC
14,MAINELY LIVING LLC,LEGAL,https://icrs.informe.org/nei-sos-icrs/ICRS?CorpSumm=20194788DC
15,"MAINELY LIVING, LLC",LEGAL,https://icrs.informe.org/nei-sos-icrs/ICRS?CorpSumm=20063928DC
16,"MAINELY LOBSTER AND SEAFOOD, INC.",LEGAL,https://icrs.informe.org/nei-sos-icrs/ICRS?CorpSumm=20041235+D
17,MAINELY LOBSTER CAFE LLC,LEGAL,https://icrs.informe.org/nei-sos-icrs/ICRS?CorpSumm=20183650DC
18,"MAINELY LOBSTER, LLC",LEGAL,https://icrs.informe.org/nei-sos-icrs/ICRS?CorpSumm=20192367DC
19,MAINELY LOBSTER,ASSUMED,https://icrs.informe.org/nei-sos-icrs/ICRS?CorpSumm=20192367DC
20,MAINELY LOBSTER,MARK,https://icrs.informe.org/nei-sos-icrs/ICRS?MarkSumm=19950056+M
21,"MAINELY LOCAL, INC.",LEGAL,https://icrs.informe.org/nei-sos-icrs/ICRS?CorpSumm=19850572+D
22,"MAINELY LOGGING, LLC",LEGAL,https://icrs.informe.org/nei-sos-icrs/ICRS?CorpSumm=20101271DC
23,MAINELY LOGISTICS LLC,LEGAL,https://icrs.informe.org/nei-sos-icrs/ICRS?CorpSumm=20186265DC
24,MAINELY LOUD LLC,LEGAL,https://icrs.informe.org/nei-sos-icrs/ICRS?CorpSumm=20197826DC
25,"MAINELY-LOU, LLC",LEGAL,https://icrs.informe.org/nei-sos-icrs/ICRS?CorpSumm=20124098DC
26,"PETS MAINELY, LLC",LEGAL,https://icrs.informe.org/nei-sos-icrs/ICRS?CorpSumm=20155315DC
27,THE MAINELY LOCAL STORE INC,LEGAL,https://icrs.informe.org/nei-sos-icrs/ICRS?CorpSumm=20121159+D
1,MAINE LYMAN CORP.,FORMER,https://icrs.informe.org/nei-sos-icrs/ICRS?CorpSumm=19790393+D
2,MAINE LYMPHEDEMA NETWORK,LEGAL,https://icrs.informe.org/nei-sos-icrs/ICRS?CorpSumm=20000271ND
3,"MAINE-LY MARINE SALES & SERVICE, INC.",LEGAL,https://icrs.informe.org/nei-sos-icrs/ICRS?CorpSumm=19971629+D
4,"MAINE-LY MARINE, INC.",LEGAL,https://icrs.informe.org/nei-sos-icrs/ICRS?CorpSumm=19901227+D
5,"MAINE-LY MEATBALLS, LLC",LEGAL,https://icrs.informe.org/nei-sos-icrs/ICRS?CorpSumm=20142514DC
6,"MAINE-LY MOBILE HOME FINANCING, INC.",LEGAL,https://icrs.informe.org/nei-sos-icrs/ICRS?CorpSumm=19900635+D
7,MAINE-LY MODERN PROPERTY MANAGEMENT AND CONSTRUCTION LLC,LEGAL,https://icrs.informe.org/nei-sos-icrs/ICRS?CorpSumm=20131734DC
8,"MAINE-LY MOISTURE CONTROL, LLC",LEGAL,https://icrs.informe.org/nei-sos-icrs/ICRS?CorpSumm=20090122DC
9,"MAINE-LY MUNCHIES, INC.",LEGAL,https://icrs.informe.org/nei-sos-icrs/ICRS?CorpSumm=20111122+D
10,"MAINE-LY MUSCLE AND FITNESS, INC.",LEGAL,https://icrs.informe.org/nei-sos-icrs/ICRS?CorpSumm=19940494+D
11,MAINE-LY MUSIC MINISTRY,FORMER,https://icrs.informe.org/nei-sos-icrs/ICRS?CorpSumm=19840198ND
12,"MAINELY MAC, INCORPORATED",LEGAL,https://icrs.informe.org/nei-sos-icrs/ICRS?CorpSumm=20000637+D
13,MAINELY MACINTOSH PRESENTS THE CENTER - CANCELLED,ASSUMED,https://icrs.informe.org/nei-sos-icrs/ICRS?CorpSumm=20000637+D
14,MAINELY MACINTOSH,FORMER,https://icrs.informe.org/nei-sos-icrs/ICRS?CorpSumm=20000637+D
15,MAINELY MAHER BROTHERS LLC,LEGAL,https://icrs.informe.org/nei-sos-icrs/ICRS?CorpSumm=20200337DC
16,MAINELY MAHER BROTHERS RENTALS LLC,LEGAL,https://icrs.informe.org/nei-sos-icrs/ICRS?CorpSumm=20194910DC
17,MAINELY MAINTENANCE INC.,LEGAL,https://icrs.informe.org/nei-sos-icrs/ICRS?CorpSumm=20170388+D
18,"MAINELY MALENFANT RENTAL PROPERTIES, LLC",LEGAL,https://icrs.informe.org/nei-sos-icrs/ICRS?CorpSumm=20192844DC
19,"MAINELY MANAGEMENT, INC.",FORMER,https://icrs.informe.org/nei-sos-icrs/ICRS?CorpSumm=19852200+D
20,"MAINELY MAPLE, LLC",LEGAL,https://icrs.informe.org/nei-sos-icrs/ICRS?CorpSumm=20113162DC
21,"MAINELY MAPS, INC.",LEGAL,https://icrs.informe.org/nei-sos-icrs/ICRS?CorpSumm=20160553+D
22,MAINELY MARINE MAINTENANCE,LEGAL,https://icrs.informe.org/nei-sos-icrs/ICRS?CorpSumm=20032193+D
23,"MAINELY MARINE SERVICES, LLC",LEGAL,https://icrs.informe.org/nei-sos-icrs/ICRS?CorpSumm=20143288DC
24,MAINELY MARINE SERVICES,MARK,https://icrs.informe.org/nei-sos-icrs/ICRS?MarkSumm=20100066+M
25,MAINELY MARINE,MARK,https://icrs.informe.org/nei-sos-icrs/ICRS?MarkSumm=20100065+M
26,MAINELY MARKETING,LEGAL,https://icrs.informe.org/nei-sos-icrs/ICRS?CorpSumm=19861553+D
27,"MAINELY MARTIAL ARTS, LLC",LEGAL,https://icrs.informe.org/nei-sos-icrs/ICRS?CorpSumm=20131144DC
28,"MAINELY MEAT BARBEQUES, LLC",FORMER,https://icrs.informe.org/nei-sos-icrs/ICRS?CorpSumm=20141024+D
29,MAINELY MEAT BARBEQUES,LEGAL,https://icrs.informe.org/nei-sos-icrs/ICRS?CorpSumm=20141024+D
30,"MAINELY MEAT DREAMWOOD HILL, LLC",ASSUMED,https://icrs.informe.org/nei-sos-icrs/ICRS?CorpSumm=20113330DC
31,MAINELY MEAT ON MAIN - CANCELLED 1/13/2016,ASSUMED,https://icrs.informe.org/nei-sos-icrs/ICRS?CorpSumm=20113330DC
32,"MAINELY MEATS, INC.",LEGAL,https://icrs.informe.org/nei-sos-icrs/ICRS?CorpSumm=19951898+D
33,MAINELY MEATS,LEGAL,https://icrs.informe.org/nei-sos-icrs/ICRS?CorpSumm=20032114+D
34,MAINELY MECHANICAL LLC,LEGAL,https://icrs.informe.org/nei-sos-icrs/ICRS?CorpSumm=20134459DC
35,"MAINELY MEDIA, LLC",FORMER,https://icrs.informe.org/nei-sos-icrs/ICRS?CorpSumm=20071767DC
36,MAINELY MEDIA,ASSUMED,https://icrs.informe.org/nei-sos-icrs/ICRS?CorpSumm=20123359DC
37,MAINELY MEDICAL L.L.C.,LEGAL,https://icrs.informe.org/nei-sos-icrs/ICRS?CorpSumm=20191963DC
38,MAINELY MEDICAL,MARK,https://icrs.informe.org/nei-sos-icrs/ICRS?MarkSumm=20200032+M
39,MAINELY MEDICATED,ASSUMED,https://icrs.informe.org/nei-sos-icrs/ICRS?CorpSumm=20141173+D
40,MAINELY MEMORIES,LEGAL,https://icrs.informe.org/nei-sos-icrs/ICRS?CorpSumm=20011908+D
41,MAINELY MEN,LEGAL,https://icrs.informe.org/nei-sos-icrs/ICRS?CorpSumm=20010014ND
42,"MAINELY MESH, LLC",LEGAL,https://icrs.informe.org/nei-sos-icrs/ICRS?CorpSumm=20151495DC
43,"MAINELY METRIC AUTO, LLC",LEGAL,https://icrs.informe.org/nei-sos-icrs/ICRS?CorpSumm=20082587DC
44,"MAINELY METROLOGY, INC.",LEGAL,https://icrs.informe.org/nei-sos-icrs/ICRS?CorpSumm=19940169+D
45,"MAINELY MEXICAN, LLC",LEGAL,https://icrs.informe.org/nei-sos-icrs/ICRS?CorpSumm=20176109DC
46,MAINELY MILKING INC.,LEGAL,https://icrs.informe.org/nei-sos-icrs/ICRS?CorpSumm=19940953+D
47,"MAINELY MINE TOO, LLC",LEGAL,https://icrs.informe.org/nei-sos-icrs/ICRS?CorpSumm=20060255DC
48,"MAINELY MINE, LLC",LEGAL,https://icrs.informe.org/nei-sos-icrs/ICRS?CorpSumm=20060254DC
49,MAINELY MOBILE HOMES LLC,LEGAL,https://icrs.informe.org/nei-sos-icrs/ICRS?CorpSumm=20165827DC
50,MAINELY MOBILE TECHNOLOGIES LLC,FORMER,https://icrs.informe.org/nei-sos-icrs/ICRS?CorpSumm=20042553+D
51,"MAINELY MOBILE TECHNOLOGIES, INC.",LEGAL,https://icrs.informe.org/nei-sos-icrs/ICRS?CorpSumm=20042553+D
52,"MAINELY MOBILE-INSULATION & WEATHERIZATION SERVICES, LLC",LEGAL,https://icrs.informe.org/nei-sos-icrs/ICRS?CorpSumm=20163573DC
53,MAINELY MOLASSES,LEGAL,https://icrs.informe.org/nei-sos-icrs/ICRS?CorpSumm=20100360+D
54,MAINELY MOLDING & RESTORATION LLC,LEGAL,https://icrs.informe.org/nei-sos-icrs/ICRS?CorpSumm=20061009DC
55,MAINELY MOMS,MARK,https://icrs.informe.org/nei-sos-icrs/ICRS?MarkSumm=20020222+M
56,"MAINELY MONITORS HEATING, INC.",LEGAL,https://icrs.informe.org/nei-sos-icrs/ICRS?CorpSumm=19961606+D
57,"MAINELY MOOSE, INC.",LEGAL,https://icrs.informe.org/nei-sos-icrs/ICRS?CorpSumm=19931567+D
58,MAINELY MORTGAGES,LEGAL,https://icrs.informe.org/nei-sos-icrs/ICRS?CorpSumm=20002527+D
59,"MAINELY MOTORS, LLC",LEGAL,https://icrs.informe.org/nei-sos-icrs/ICRS?CorpSumm=20160116DC
60,MAINELY MOTORSPORTS INC.,LEGAL,https://icrs.informe.org/nei-sos-icrs/ICRS?CorpSumm=20080668+D
61,"MAINELY MOUSEHOLES, INC.",LEGAL,https://icrs.informe.org/nei-sos-icrs/ICRS?CorpSumm=20052204+D
62,"MAINELY MOWING, LLC",LEGAL,https://icrs.informe.org/nei-sos-icrs/ICRS?CorpSumm=20190894DC
63,"MAINELY MULCH, LLC",LEGAL,https://icrs.informe.org/nei-sos-icrs/ICRS?CorpSumm=20162323DC
64,MAINELY MUNICIPAL CONSULTANTING INC,LEGAL,https://icrs.informe.org/nei-sos-icrs/ICRS?CorpSumm=20051771+D
65,MAINELY MUSEUMS LLC,LEGAL,https://icrs.informe.org/nei-sos-icrs/ICRS?CorpSumm=20101219DC
66,MAINELY MUSIC,LEGAL,https://icrs.informe.org/nei-sos-icrs/ICRS?CorpSumm=19870142+D
67,MAINELY MUTTS ANIMAL RESCUE,LEGAL,https://icrs.informe.org/nei-sos-icrs/ICRS?CorpSumm=20190309ND
68,"MAINELYMARA, LLC",LEGAL,https://icrs.informe.org/nei-sos-icrs/ICRS?CorpSumm=20100710DC
70,"MAINELYMETALS, LLC",LEGAL,https://icrs.informe.org/nei-sos-icrs/ICRS?CorpSumm=20041234DC
71,"QUALITY PRODUCTS MAINELY MADE, INC.",LEGAL,https://icrs.informe.org/nei-sos-icrs/ICRS?CorpSumm=19971463+D
72,"TACO SHELL'S MAINE-LY MEXICAN, INC.",LEGAL,https://icrs.informe.org/nei-sos-icrs/ICRS?CorpSumm=19972022+D
1,MAINE-LY NORML,LEGAL,https://icrs.informe.org/nei-sos-icrs/ICRS?CorpSumm=20030170ND
2,MAINELY NATURALS,MARK,https://icrs.informe.org/nei-sos-icrs/ICRS?MarkSumm=20100146+M
3,MAINELY NETWORKING LLC,LEGAL,https://icrs.informe.org/nei-sos-icrs/ICRS?CorpSumm=20141828DC
4,MAINELY NEW ENGLAND,LEGAL,https://icrs.informe.org/nei-sos-icrs/ICRS?CorpSumm=19970816+D
5,"MAINELY NEW HOMES, INC.",LEGAL,https://icrs.informe.org/nei-sos-icrs/ICRS?CorpSumm=20051748+D
6,"MAINELY NEWSPAPERS, INC.",LEGAL,https://icrs.informe.org/nei-sos-icrs/ICRS?CorpSumm=19900289+F
7,"MAINELY NEWSPAPERS, INC.",LEGAL,https://icrs.informe.org/nei-sos-icrs/ICRS?CorpSumm=20020463+F
8,MAINELY NORTHERN LIGHTS LLC,LEGAL,https://icrs.informe.org/nei-sos-icrs/ICRS?CorpSumm=20020526DC
9,"MAINELY NU PULSE, LLC",LEGAL,https://icrs.informe.org/nei-sos-icrs/ICRS?CorpSumm=20201278DC
10,MAINELY NUTRITION,ASSUMED,https://icrs.informe.org/nei-sos-icrs/ICRS?CorpSumm=20100009+D
1,MAINELY OIL LLC,LEGAL,https://icrs.informe.org/nei-sos-icrs/ICRS?CorpSumm=20110550DC
2,MAINELY ON YOUR OWN TOURS,MARK,https://icrs.informe.org/nei-sos-icrs/ICRS?MarkSumm=19920225+M
3,"MAINELY ORGANIC MEDICINALS, LLC",LEGAL,https://icrs.informe.org/nei-sos-icrs/ICRS?CorpSumm=20121511DC
4,"MAINELY ORGANIC, LLC",LEGAL,https://icrs.informe.org/nei-sos-icrs/ICRS?CorpSumm=20083007DC
5,"MAINELY ORGANICS GARDENING SUPPLIES, LLC",LEGAL,https://icrs.informe.org/nei-sos-icrs/ICRS?CorpSumm=20153145DC
6,MAINELY ORGANICS LLC,LEGAL,https://icrs.informe.org/nei-sos-icrs/ICRS?CorpSumm=20160115DC
7,"MAINELY OUR LANDHOLDINGS, L.L.C.",LEGAL,https://icrs.informe.org/nei-sos-icrs/ICRS?CorpSumm=19980471DC
8,"MAINELY OURS, INC.",LEGAL,https://icrs.informe.org/nei-sos-icrs/ICRS?CorpSumm=19980556+D
9,MAINELY OUTDOORS,MARK,https://icrs.informe.org/nei-sos-icrs/ICRS?MarkSumm=20160010+M
10,"MAINELY OUTSIDE MAINTENANCE, INC.",LEGAL,https://icrs.informe.org/nei-sos-icrs/ICRS?CorpSumm=19870821+D
11,"MAINELY OVERHEAD DOORS, LLC",LEGAL,https://icrs.informe.org/nei-sos-icrs/ICRS?CorpSumm=20031252DC
12,MAINELY.ORG LLC,LEGAL,https://icrs.informe.org/nei-sos-icrs/ICRS?CorpSumm=20092790DC
13,"MAINELYOLDSTUFF, INC.",LEGAL,https://icrs.informe.org/nei-sos-icrs/ICRS?CorpSumm=20101191+D
1,FOREFRONT MAINELY PARTNERS LLC,LEGAL,https://icrs.informe.org/nei-sos-icrs/ICRS?CorpSumm=20120708DC
2,"MAINE-LY PACKING & CRATING, INC.",LEGAL,https://icrs.informe.org/nei-sos-icrs/ICRS?CorpSumm=20040364+D
3,"MAINE-LY PAVING SERVICES, LLC",LEGAL,https://icrs.informe.org/nei-sos-icrs/ICRS?CorpSumm=20143006DC
4,"MAINE-LY PAWN, LLC",LEGAL,https://icrs.informe.org/nei-sos-icrs/ICRS?CorpSumm=20173090DC
5,"MAINE-LY PINE COUNTRY STORE, INC.",LEGAL,https://icrs.informe.org/nei-sos-icrs/ICRS?CorpSumm=19731162+D
6,"MAINE-LY POULTRY, INCORPORATED",LEGAL,https://icrs.informe.org/nei-sos-icrs/ICRS?CorpSumm=19921906+D
7,MAINE-LY POWERSPORTS INC.,LEGAL,https://icrs.informe.org/nei-sos-icrs/ICRS?CorpSumm=20140792+D
8,"MAINE-LY PRO PAINTING, LLC",LEGAL,https://icrs.informe.org/nei-sos-icrs/ICRS?CorpSumm=20201319DC
9,"MAINELY PAINT, LLC",LEGAL,https://icrs.informe.org/nei-sos-icrs/ICRS?CorpSumm=20165046DC
10,"MAINELY PARENTS, INC.",LEGAL,https://icrs.informe.org/nei-sos-icrs/ICRS?CorpSumm=19970497ND
11,"MAINELY PASTRIES, LLC",LEGAL,https://icrs.informe.org/nei-sos-icrs/ICRS?CorpSumm=20110421DC
12,"MAINELY PAVEMENT MAINTENANCE, INC.",FORMER,https://icrs.informe.org/nei-sos-icrs/ICRS?CorpSumm=20080545+D
13,MAINELY PAVEMENT MAINTENANCE,ASSUMED,https://icrs.informe.org/nei-sos-icrs/ICRS?CorpSumm=20072128DC
14,MAINELY PAVING,MARK,https://icrs.informe.org/nei-sos-icrs/ICRS?MarkSumm=19990087+M
15,MAINELY PAWS LLC,LEGAL,https://icrs.informe.org/nei-sos-icrs/ICRS?CorpSumm=20112760DC
16,"MAINELY PAYROLL, INC.",LEGAL,https://icrs.informe.org/nei-sos-icrs/ICRS?CorpSumm=19891252+D
17,"MAINELY PELLETS, LLC",LEGAL,https://icrs.informe.org/nei-sos-icrs/ICRS?CorpSumm=20091196DC
18,MAINELY PETS FOUNDATION,LEGAL,https://icrs.informe.org/nei-sos-icrs/ICRS?CorpSumm=20180072ND
19,MAINELY PHYSICAL THERAPY,FORMER,https://icrs.informe.org/nei-sos-icrs/ICRS?CorpSumm=19932076+D
20,MAINELY PICTURES LLC,LEGAL,https://icrs.informe.org/nei-sos-icrs/ICRS?CorpSumm=20072358DC
21,"MAINELY PIG ROASTS, LLC",LEGAL,https://icrs.informe.org/nei-sos-icrs/ICRS?CorpSumm=20154156DC
22,MAINELY PINK LLC,LEGAL,https://icrs.informe.org/nei-sos-icrs/ICRS?CorpSumm=20181672DC
23,"MAINELY PIZZA, INC.",LEGAL,https://icrs.informe.org/nei-sos-icrs/ICRS?CorpSumm=19893000+D
24,MAINELY PLANES INC.,LEGAL,https://icrs.informe.org/nei-sos-icrs/ICRS?CorpSumm=20160320ND
25,"MAINELY PLUMBING & HEATING, INC.",LEGAL,https://icrs.informe.org/nei-sos-icrs/ICRS?CorpSumm=19862496+D
26,MAINELY POTTERY,LEGAL,https://icrs.informe.org/nei-sos-icrs/ICRS?CorpSumm=19883134+D
27,MAINELY POWER WASHING LLC,LEGAL,https://icrs.informe.org/nei-sos-icrs/ICRS?CorpSumm=20196353DC
28,MAINELY PRESSURE WASHING LLC,LEGAL,https://icrs.informe.org/nei-sos-icrs/ICRS?CorpSumm=20140491DC
29,"MAINELY PRIMAL, LLC",RESERVED,https://icrs.informe.org/nei-sos-icrs/ICRS?CorpSumm=20190202RC
30,MAINELY PRINTS,MARK,https://icrs.informe.org/nei-sos-icrs/ICRS?MarkSumm=20010059+M
31,"MAINELY PROCESSING, LLC",LEGAL,https://icrs.informe.org/nei-sos-icrs/ICRS?CorpSumm=20193277DC
32,"MAINELY PROMOTIONS PRINTING, LLC",LEGAL,https://icrs.informe.org/nei-sos-icrs/ICRS?CorpSumm=20194981DC
33,"MAINELY PROMOTIONS, INC.",ASSUMED,https://icrs.informe.org/nei-sos-icrs/ICRS?CorpSumm=20020655+D
34,"MAINELY PROMOTIONS, INC.",ASSUMED,https://icrs.informe.org/nei-sos-icrs/ICRS?CorpSumm=19861476+D
35,"MAINELY PROMOTIONS, INC.",FORMER,https://icrs.informe.org/nei-sos-icrs/ICRS?CorpSumm=19872169+D
36,"MAINELY PROPERTIES & CONSTRUCTION, LLC",LEGAL,https://icrs.informe.org/nei-sos-icrs/ICRS?CorpSumm=20063292DC
37,"MAINELY PROPERTY CARE, LLC",LEGAL,https://icrs.informe.org/nei-sos-icrs/ICRS?CorpSumm=20180916DC
38,"MAINELY PROPERTY MANAGEMENT, LLC",LEGAL,https://icrs.informe.org/nei-sos-icrs/ICRS?CorpSumm=20133422DC
39,MAINELY PROPERTY SERVICES LLC,LEGAL,https://icrs.informe.org/nei-sos-icrs/ICRS?CorpSumm=20186194DC
40,MAINELY PUMP & MOTOR COMPANY,LEGAL,https://icrs.informe.org/nei-sos-icrs/ICRS?CorpSumm=20180660+D
41,"MAINELY PUPPIES PLUS, LLC",LEGAL,https://icrs.informe.org/nei-sos-icrs/ICRS?CorpSumm=20187276DC
1,MAINELY QUILTS,MARK,https://icrs.informe.org/nei-sos-icrs/ICRS?MarkSumm=19940081+M
1,"MAINE-LY RED WING, INC.",LEGAL,https://icrs.informe.org/nei-sos-icrs/ICRS?CorpSumm=19811438+D
2,"MAINE-LY REPAIRS, INC.",LEGAL,https://icrs.informe.org/nei-sos-icrs/ICRS?CorpSumm=19930986+D
3,"MAINE-LY RESTORATION, INC.",LEGAL,https://icrs.informe.org/nei-sos-icrs/ICRS?CorpSumm=19972676+D
4,"MAINE-LY RETURNABLES, INC.",LEGAL,https://icrs.informe.org/nei-sos-icrs/ICRS?CorpSumm=19951386+D
5,MAINELY RADIOS LLC,LEGAL,https://icrs.informe.org/nei-sos-icrs/ICRS?CorpSumm=20153857DC
6,"MAINELY RAIN IRRIGATION, LLC",LEGAL,https://icrs.informe.org/nei-sos-icrs/ICRS?CorpSumm=20042127DC
7,"MAINELY RAT RESCUE, INC.",LEGAL,https://icrs.informe.org/nei-sos-icrs/ICRS?CorpSumm=20080443ND
8,"MAINELY REALTY, LLC",FORMER,https://icrs.informe.org/nei-sos-icrs/ICRS?CorpSumm=20143053DC
9,MAINELY RELIEF CO. LLC,LEGAL,https://icrs.informe.org/nei-sos-icrs/ICRS?CorpSumm=20172231DC
10,"MAINELY RENOVATIONS, INC.",LEGAL,https://icrs.informe.org/nei-sos-icrs/ICRS?CorpSumm=19991723+D
11,"MAINELY RENT TO OWN, INC.",LEGAL,https://icrs.informe.org/nei-sos-icrs/ICRS?CorpSumm=20160249+D
12,"MAINELY RENT TO OWN, INC.",LEGAL,https://icrs.informe.org/nei-sos-icrs/ICRS?CorpSumm=19980293+D
13,"MAINELY RENTAL, INC.",LEGAL,https://icrs.informe.org/nei-sos-icrs/ICRS?CorpSumm=19942485+D
14,"MAINELY RENTALS, INC",LEGAL,https://icrs.informe.org/nei-sos-icrs/ICRS?CorpSumm=20061925+D
15,MAINELY RENTALS,FORMER,https://icrs.informe.org/nei-sos-icrs/ICRS?CorpSumm=20061925+D
16,"MAINELY RESOURCES, INC.",LEGAL,https://icrs.informe.org/nei-sos-icrs/ICRS?CorpSumm=20110070ND
17,MAINELY RESTORATIONS LLC,LEGAL,https://icrs.informe.org/nei-sos-icrs/ICRS?CorpSumm=20185770DC
18,"MAINELY ROCKS & LANDSCAPING, INC.",LEGAL,https://icrs.informe.org/nei-sos-icrs/ICRS?CorpSumm=20021056+D
19,MAINELY ROOTED LLC,LEGAL,https://icrs.informe.org/nei-sos-icrs/ICRS?CorpSumm=20170338DC
20,"MAINELY ROOTS, LLC",LEGAL,https://icrs.informe.org/nei-sos-icrs/ICRS?CorpSumm=20172095DC
21,MAINELY RUNNING LLC,LEGAL,https://icrs.informe.org/nei-sos-icrs/ICRS?CorpSumm=20113643DC
22,MAINELY RUNNING,LEGAL,https://icrs.informe.org/nei-sos-icrs/ICRS?CorpSumm=19912006+D
23,MAINELY RUSTIC LLC,LEGAL,https://icrs.informe.org/nei-sos-icrs/ICRS?CorpSumm=20173037DC
24,"MAINELY-REAL ESTATE, L.L.C.",LEGAL,https://icrs.informe.org/nei-sos-icrs/ICRS?CorpSumm=20030952DC
1,MAINE-LY SCENTS,LEGAL,https://icrs.informe.org/nei-sos-icrs/ICRS?CorpSumm=20100758+D
2,"MAINE-LY SEAFOODS, INC.",LEGAL,https://icrs.informe.org/nei-sos-icrs/ICRS?CorpSumm=19911752+D
3,MAINE-LY SHELLFISH INTERNATIONAL LLC,FORMER,https://icrs.informe.org/nei-sos-icrs/ICRS?CorpSumm=20161697DC
4,"MAINE-LY SHIELD WALLETS, INC.",LEGAL,https://icrs.informe.org/nei-sos-icrs/ICRS?CorpSumm=19972861+D
5,MAINE-LY SHIRT DISPLAY,ASSUMED,https://icrs.informe.org/nei-sos-icrs/ICRS?CorpSumm=19941854+D
6,"MAINE-LY SMALL ENGINES, INC.",LEGAL,https://icrs.informe.org/nei-sos-icrs/ICRS?CorpSumm=19831294+D
7,MAINE-LY SMALL ENGINES,ASSUMED,https://icrs.informe.org/nei-sos-icrs/ICRS?CorpSumm=20010126+D
8,MAINE-LY SMOKED SALMON COMPANY,MARK,https://icrs.informe.org/nei-sos-icrs/ICRS?MarkSumm=19960086+M
9,MAINE-LY SNACKS LLC,LEGAL,https://icrs.informe.org/nei-sos-icrs/ICRS?CorpSumm=20101794DC
10,MAINE-LY SNACKS,LEGAL,https://icrs.informe.org/nei-sos-icrs/ICRS?CorpSumm=19940332+D
11,"MAINE-LY SPORTS MAGAZINE, INC.",LEGAL,https://icrs.informe.org/nei-sos-icrs/ICRS?CorpSumm=19850502+D
12,MAINE-LY SPORTS,MARK,https://icrs.informe.org/nei-sos-icrs/ICRS?MarkSumm=19850049+M
13,"MAINE-LY SUBWAY, INC.",FORMER,https://icrs.informe.org/nei-sos-icrs/ICRS?CorpSumm=20022484+D
14,MAINELY SALADS L.L.C.,LEGAL,https://icrs.informe.org/nei-sos-icrs/ICRS?CorpSumm=20143422DC
15,"MAINELY SALES, INC.",LEGAL,https://icrs.informe.org/nei-sos-icrs/ICRS?CorpSumm=19862205+D
16,MAINELY SANDWICHES,LEGAL,https://icrs.informe.org/nei-sos-icrs/ICRS?CorpSumm=20052518+D
17,"MAINELY SCOOTERS, LLC",LEGAL,https://icrs.informe.org/nei-sos-icrs/ICRS?CorpSumm=20113176DC
18,MAINELY SCRUBS,LEGAL,https://icrs.informe.org/nei-sos-icrs/ICRS?CorpSumm=19981762+D
19,MAINELY SCUBA & RECREATION,LEGAL,https://icrs.informe.org/nei-sos-icrs/ICRS?CorpSumm=20050198+D
20,"MAINELY SEAFOOD OF ENFIELD, LLC",LEGAL,https://icrs.informe.org/nei-sos-icrs/ICRS?CorpSumm=20073413DC
21,MAINELY SEAWEED LLC,LEGAL,https://icrs.informe.org/nei-sos-icrs/ICRS?CorpSumm=20183449DC
22,"MAINELY SENSORS, LLC",LEGAL,https://icrs.informe.org/nei-sos-icrs/ICRS?CorpSumm=20030909DC
23,"MAINELY SERVICE, INC.",LEGAL,https://icrs.informe.org/nei-sos-icrs/ICRS?CorpSumm=20151171+D
24,MAINELY SEWING MACHINES,LEGAL,https://icrs.informe.org/nei-sos-icrs/ICRS?CorpSumm=19990822+D
25,MAINELY SEWING,LEGAL,https://icrs.informe.org/nei-sos-icrs/ICRS?CorpSumm=20012647+D
26,MAINELY SHADES & LIGHTING,ASSUMED,https://icrs.informe.org/nei-sos-icrs/ICRS?CorpSumm=19942513+D
27,"MAINELY SHADES, INC.",FORMER,https://icrs.informe.org/nei-sos-icrs/ICRS?CorpSumm=19841000+D
28,MAINELY SHADES,MARK,https://icrs.informe.org/nei-sos-icrs/ICRS?MarkSumm=19820147+M
29,"MAINELY SHEDS, LLC",LEGAL,https://icrs.informe.org/nei-sos-icrs/ICRS?CorpSumm=20163901DC
30,"MAINELY SIMPLE, LLC",LEGAL,https://icrs.informe.org/nei-sos-icrs/ICRS?CorpSumm=20102132DC
31,MAINELY SIPS,ASSUMED,https://icrs.informe.org/nei-sos-icrs/ICRS?CorpSumm=20122872DC
32,MAINELY SISTERS,LEGAL,https://icrs.informe.org/nei-sos-icrs/ICRS?CorpSumm=19970518+D
33,MAINELY SKI AND RIDE LLC,LEGAL,https://icrs.informe.org/nei-sos-icrs/ICRS?CorpSumm=20152451DC
34,"MAINELY SOFTWARE, INC.",LEGAL,https://icrs.informe.org/nei-sos-icrs/ICRS?CorpSumm=19910266+D
35,"MAINELY SOILS, LLC",LEGAL,https://icrs.informe.org/nei-sos-icrs/ICRS?CorpSumm=20190153DC
36,MAINELY SOLUTIONS,MARK,https://icrs.informe.org/nei-sos-icrs/ICRS?MarkSumm=20040270+M
37,MAINELY SPAS,ASSUMED,https://icrs.informe.org/nei-sos-icrs/ICRS?CorpSumm=19941060+D
38,MAINELY SPEAKING LLC.,LEGAL,https://icrs.informe.org/nei-sos-icrs/ICRS?CorpSumm=20121243DC
39,"MAINELY SPUDS, INC.",LEGAL,https://icrs.informe.org/nei-sos-icrs/ICRS?CorpSumm=19992315+D
40,"MAINELY STAINLESS, INC.",LEGAL,https://icrs.informe.org/nei-sos-icrs/ICRS?CorpSumm=19872206+D
41,MAINELY STONE,LEGAL,https://icrs.informe.org/nei-sos-icrs/ICRS?CorpSumm=19981886+D
42,"MAINELY STOVES & FUEL YARD, LLC",LEGAL,https://icrs.informe.org/nei-sos-icrs/ICRS?CorpSumm=20091421DC
43,"MAINELY SUBS, INC.",LEGAL,https://icrs.informe.org/nei-sos-icrs/ICRS?CorpSumm=19932141+D
44,MAINELY SUCCULENTS LLC,LEGAL,https://icrs.informe.org/nei-sos-icrs/ICRS?CorpSumm=20186424DC
45,"MAINELY SUNROOMS & PARK MODEL SERVICES, INC.",LEGAL,https://icrs.informe.org/nei-sos-icrs/ICRS?CorpSumm=20150693+D
46,"MAINELY SUPPLEMENTS, LLC",LEGAL,https://icrs.informe.org/nei-sos-icrs/ICRS?CorpSumm=20011019DC
47,"MAINELY SURGICAL, LLC",LEGAL,https://icrs.informe.org/nei-sos-icrs/ICRS?CorpSumm=20172705DC
48,"MAINELY SWEET WATER, INC.",LEGAL,https://icrs.informe.org/nei-sos-icrs/ICRS?CorpSumm=19970291+F
49,"MAINELYSEO, LLC",LEGAL,https://icrs.informe.org/nei-sos-icrs/ICRS?CorpSumm=20112607DC
1,MAINE-LY TACTICAL & UNIFORM LLC,FORMER,https://icrs.informe.org/nei-sos-icrs/ICRS?CorpSumm=20142120DC
2,MAINE-LY TACTICAL & UNIFORM,ASSUMED,https://icrs.informe.org/nei-sos-icrs/ICRS?CorpSumm=20160369+F
3,"MAINE-LY TIED & TREASURES, LLC",LEGAL,https://icrs.informe.org/nei-sos-icrs/ICRS?CorpSumm=20122250DC
4,"MAINE-LY TITLES, INC.",LEGAL,https://icrs.informe.org/nei-sos-icrs/ICRS?CorpSumm=20061991+D
5,MAINE-LY TONER,MARK,https://icrs.informe.org/nei-sos-icrs/ICRS?MarkSumm=19980144+M
6,MAINE-LY TOOLS,MARK,https://icrs.informe.org/nei-sos-icrs/ICRS?MarkSumm=19890118+M
7,MAINE-LY TREES INC.,LEGAL,https://icrs.informe.org/nei-sos-icrs/ICRS?CorpSumm=19901404+D
8,"MAINELY TECH, INC.",LEGAL,https://icrs.informe.org/nei-sos-icrs/ICRS?CorpSumm=20020715+D
9,MAINELY TECHNOLOGY SERVICES,ASSUMED,https://icrs.informe.org/nei-sos-icrs/ICRS?CorpSumm=20080251DC
10,"MAINELY TEMPS, INC.",LEGAL,https://icrs.informe.org/nei-sos-icrs/ICRS?CorpSumm=19910741+D
11,MAINELY THERAPY,LEGAL,https://icrs.informe.org/nei-sos-icrs/ICRS?CorpSumm=19931869+D
12,"MAINELY TICKETS, INC.",LEGAL,https://icrs.informe.org/nei-sos-icrs/ICRS?CorpSumm=20051600+D
13,"MAINELY TICKS FRANCHISE DEVELOPMENT, INC.",LEGAL,https://icrs.informe.org/nei-sos-icrs/ICRS?CorpSumm=20180596+D
14,"MAINELY TICKS, INC.",FORMER,https://icrs.informe.org/nei-sos-icrs/ICRS?CorpSumm=20050575+D
15,MAINELY TIDAL PEBBLE ART LLC,LEGAL,https://icrs.informe.org/nei-sos-icrs/ICRS?CorpSumm=20196903DC
16,"MAINELY TILE, INC.",LEGAL,https://icrs.informe.org/nei-sos-icrs/ICRS?CorpSumm=19980166+D
17,"MAINELY TIN-NOCKING, INC.",LEGAL,https://icrs.informe.org/nei-sos-icrs/ICRS?CorpSumm=20022154+D
18,"MAINELY TITLE ABSTRACTS, INC.",LEGAL,https://icrs.informe.org/nei-sos-icrs/ICRS?CorpSumm=19840888+D
19,"MAINELY TOURS & GIFTS, INC.",LEGAL,https://icrs.informe.org/nei-sos-icrs/ICRS?CorpSumm=19962120+D
20,MAINELY TOURS,MARK,https://icrs.informe.org/nei-sos-icrs/ICRS?MarkSumm=19950318+M
21,"MAINELY TOWING, LLC",LEGAL,https://icrs.informe.org/nei-sos-icrs/ICRS?CorpSumm=19980486DC
22,"MAINELY TRACTORS, INC.",LEGAL,https://icrs.informe.org/nei-sos-icrs/ICRS?CorpSumm=20010719+D
23,"MAINELY TRADING, LLC",LEGAL,https://icrs.informe.org/nei-sos-icrs/ICRS?CorpSumm=20176174DC
24,"MAINELY TRUCKING, LLC",LEGAL,https://icrs.informe.org/nei-sos-icrs/ICRS?CorpSumm=20043157DC
25,MAINELY TRUSSES-CANCELLED,ASSUMED,https://icrs.informe.org/nei-sos-icrs/ICRS?CorpSumm=19941616+D
26,MAINELY TRUSSES,ASSUMED,https://icrs.informe.org/nei-sos-icrs/ICRS?CorpSumm=19891066+D
27,MAINELY TUBS,ASSUMED,https://icrs.informe.org/nei-sos-icrs/ICRS?CorpSumm=19941060+D
28,MAINELY TUBS,FORMER,https://icrs.informe.org/nei-sos-icrs/ICRS?CorpSumm=19862619+D
29,MAINELY TUBS,MARK,https://icrs.informe.org/nei-sos-icrs/ICRS?MarkSumm=19870037+M
30,MAINELY TURF LLC,LEGAL,https://icrs.informe.org/nei-sos-icrs/ICRS?CorpSumm=20164651DC
31,MAINELY TURNING,LEGAL,https://icrs.informe.org/nei-sos-icrs/ICRS?CorpSumm=20040669+D
32,MAINELY TUXEDOS,LEGAL,https://icrs.informe.org/nei-sos-icrs/ICRS?CorpSumm=19961706+D
1,"MAINELY U-NIFORMS BY KIMBERLY MARLENE, LLC",LEGAL,https://icrs.informe.org/nei-sos-icrs/ICRS?CorpSumm=20150954DC
2,MAINELY UNIFORMS,LEGAL,https://icrs.informe.org/nei-sos-icrs/ICRS?CorpSumm=20091155+D
3,"MAINELY URNS, INC.",LEGAL,https://icrs.informe.org/nei-sos-icrs/ICRS?CorpSumm=20041254+D
1,MAINE-LY VACATION PROPERTIES,LEGAL,https://icrs.informe.org/nei-sos-icrs/ICRS?CorpSumm=19980025+D
2,MAINELY VAPES LLC,LEGAL,https://icrs.informe.org/nei-sos-icrs/ICRS?CorpSumm=20165724DC
3,MAINELY VIDEOS,LEGAL,https://icrs.informe.org/nei-sos-icrs/ICRS?CorpSumm=20021961+D
4,"MAINELY VINYL, INC.",LEGAL,https://icrs.informe.org/nei-sos-icrs/ICRS?CorpSumm=19892571+D
1,"MAINE-LY WASTE SERVICES, INC.",LEGAL,https://icrs.informe.org/nei-sos-icrs/ICRS?CorpSumm=19881702+D
2,MAINE-LY WASTE SERVICES,MARK,https://icrs.informe.org/nei-sos-icrs/ICRS?MarkSumm=19880048+M
3,MAINE-LY WOODWORKING,MARK,https://icrs.informe.org/nei-sos-icrs/ICRS?MarkSumm=20000349+M
4,"MAINELY WALKING TOURS, INC.",LEGAL,https://icrs.informe.org/nei-sos-icrs/ICRS?CorpSumm=19930590+D
5,"MAINELY WATER, LLC",LEGAL,https://icrs.informe.org/nei-sos-icrs/ICRS?CorpSumm=20170895DC
6,MAINELY WEB -CANCELLED,ASSUMED,https://icrs.informe.org/nei-sos-icrs/ICRS?CorpSumm=20193103DC
7,"MAINELY WEB, LLC",LEGAL,https://icrs.informe.org/nei-sos-icrs/ICRS?CorpSumm=20040416DC
8,"MAINELY WEBS, LLC",FORMER,https://icrs.informe.org/nei-sos-icrs/ICRS?CorpSumm=20193103DC
9,MAINELY WEDDING CAKES LLC,LEGAL,https://icrs.informe.org/nei-sos-icrs/ICRS?CorpSumm=20165894DC
10,"MAINELY WEDDING PHOTOGRAPHY, LLC",LEGAL,https://icrs.informe.org/nei-sos-icrs/ICRS?CorpSumm=20183196DC
11,"MAINELY WILDERNESS, CORP.",LEGAL,https://icrs.informe.org/nei-sos-icrs/ICRS?CorpSumm=20200139+D
12,MAINELY WINTERPORT LLC,LEGAL,https://icrs.informe.org/nei-sos-icrs/ICRS?CorpSumm=20154755DC
13,"MAINELY WIRED, LLC",LEGAL,https://icrs.informe.org/nei-sos-icrs/ICRS?CorpSumm=20062439DC
14,MAINELY WIRED,ASSUMED,https://icrs.informe.org/nei-sos-icrs/ICRS?CorpSumm=20081796DC
15,MAINELY WIRELESS REPAIR,LEGAL,https://icrs.informe.org/nei-sos-icrs/ICRS?CorpSumm=20030583+D
16,"MAINELY WIRELESS SALES & SERVICE, INC.",LEGAL,https://icrs.informe.org/nei-sos-icrs/ICRS?CorpSumm=20042811+D
17,MAINELY WOOD,ASSUMED,https://icrs.informe.org/nei-sos-icrs/ICRS?CorpSumm=19850228ND
18,MAINELY WORDS,MARK,https://icrs.informe.org/nei-sos-icrs/ICRS?MarkSumm=20080087+M
19,"MAINELY WRAPS - PORTLAND, LLC",LEGAL,https://icrs.informe.org/nei-sos-icrs/ICRS?CorpSumm=20144437DC
20,"MAINELY WRAPS - SCARBOROUGH, LLC",LEGAL,https://icrs.informe.org/nei-sos-icrs/ICRS?CorpSumm=20144438DC
21,"PARDUE'S MAINE-LY WOOD, INC.",LEGAL,https://icrs.informe.org/nei-sos-icrs/ICRS?CorpSumm=19901713+D
1,MAINELY YARD CARE LLC,LEGAL,https://icrs.informe.org/nei-sos-icrs/ICRS?CorpSumm=20196691DC
2,MAINELY YARD CARE,LEGAL,https://icrs.informe.org/nei-sos-icrs/ICRS?CorpSumm=20190007GP
3,"MAINELY YORK TRAILER PARK, INC.",LEGAL,https://icrs.informe.org/nei-sos-icrs/ICRS?CorpSumm=19880370+D
4,"MAINELY YOUNG, LLC",LEGAL,https://icrs.informe.org/nei-sos-icrs/ICRS?CorpSumm=20050684DC
5,MAINELY YOURS,MARK,https://icrs.informe.org/nei-sos-icrs/ICRS?MarkSumm=19970010+M
6,THE MAINELY YOGA NOOK LLC,LEGAL,https://icrs.informe.org/nei-sos-icrs/ICRS?CorpSumm=20185329DC