city,make,model,vehicle_count,all_vehicles,vehicle_share,eliot_cutler,paul_lepage,mike_michaud,blank,others,total_votes_cast,town,winner,winner_share
Paris,Chev,Silverado,185,4484,0.041257806,222,1250,773,23,0,2268,PARIS,Paul LePage,55.67928731
Great Pond,Chev,Silverado,4,65,0.061538462,1,20,15,0,0,36,GREAT POND,Paul LePage,55.55555556
Ashland,Gmc,Sierra,64,1042,0.061420345,73,230,203,10,0,516,ASHLAND,Paul LePage,45.45454545
Portland,Suba,Forester,1618,48936,0.033063593,2402,6724,20833,188,1,30148,PORTLAND,Mike Michaud,69.53604806
Appleton,Chev,Silverado,54,1300,0.041538462,52,366,327,10,0,755,APPLETON,Paul LePage,49.12751678
Swanville,Chev,Silverado,71,1253,0.056664006,43,326,232,4,1,606,SWANVILLE,Paul LePage,54.15282392
Mapleton,Gmc,Sierra,125,1742,0.071756602,91,527,312,9,0,939,MAPLETON,Paul LePage,56.66666667
North Berwick,Chev,Silverado,147,4632,0.031735751,180,1217,798,26,0,2221,NORTH BERWICK,Paul LePage,55.44419134
Merrill,Chev,Silverado,15,226,0.066371681,10,53,48,1,0,112,MERRILL,Paul LePage,47.74774775
Wayne,Chev,Silverado,50,1286,0.038880249,60,310,333,4,0,707,WAYNE,Mike Michaud,47.36842105
Westport Island,Suba,Legacy,30,845,0.035502959,32,214,184,2,0,432,WESTPORT ISLAND,Paul LePage,49.76744186
Starks,Chev,Silverado,29,588,0.049319728,24,143,128,1,0,296,STARKS,Paul LePage,48.47457627
Prospect,Chev,Silverado,33,635,0.051968504,17,177,136,0,0,330,PROSPECT,Paul LePage,53.63636364
Skowhegan,Chev,Silverado,378,6964,0.05427915,218,1649,1596,58,0,3521,SKOWHEGAN,Paul LePage,47.61767254
Long Island,Club,Glfcrt,76,557,0.136445242,29,63,79,0,0,171,LONG ISLAND,Mike Michaud,46.19883041
Gray,Chev,Silverado,300,7671,0.03910833,360,2211,1415,32,0,4018,GRAY,Paul LePage,55.469142
Medway,Gmc,Sierra,58,1143,0.050743657,30,344,273,3,0,650,MEDWAY,Paul LePage,53.16846986
Charlotte,Chev,Silverado,24,305,0.078688525,10,93,52,1,0,156,CHARLOTTE,Paul LePage,60
Wellington,Ford,F150,12,198,0.060606061,4,42,59,1,2,108,WELLINGTON,Mike Michaud,55.14018692
Blue Hill,Suba,Outback,122,2751,0.04434751,136,562,773,10,0,1481,BLUE HILL,Mike Michaud,52.5492862
Winslow,Toyo,Camry,286,6734,0.042471042,280,1970,1479,29,0,3758,WINSLOW,Paul LePage,52.82917672
Saint Albans,Chev,Silverado,98,1812,0.054083885,67,596,270,6,0,939,SAINT ALBANS,Paul LePage,63.87995713
Lovell,Chev,Silverado,50,1267,0.039463299,49,326,222,3,1,601,LOVELL,Paul LePage,54.51505017
Cornville,Chev,Silverado,55,1183,0.04649197,33,370,238,4,0,645,CORNVILLE,Paul LePage,57.72230889
Montville,Chev,Silverado,43,912,0.047149123,28,199,255,3,0,485,MONTVILLE,Mike Michaud,52.90456432
Hodgdon,Gmc,Sierra,68,1073,0.063373719,54,364,125,3,0,546,HODGDON,Paul LePage,67.03499079
Hallowell,Suba,Forester,89,2073,0.042932947,96,397,934,14,0,1441,HALLOWELL,Mike Michaud,65.4519972
Lincoln,Ford,F150,216,4165,0.051860744,159,1211,677,28,0,2075,LINCOLN,Paul LePage,59.15974597
Brooksville,Toyo,Tacoma,46,1029,0.044703596,44,218,303,3,0,568,BROOKSVILLE,Mike Michaud,53.62831858
Mexico,Ford,F150,97,2132,0.045497186,97,540,474,8,0,1119,MEXICO,Paul LePage,48.60486049
Naples,Chev,Silverado,175,4021,0.043521512,133,1125,595,5,0,1858,NAPLES,Paul LePage,60.71235834
Rockport,Suba,Outback,119,3493,0.034068136,180,762,944,16,0,1902,ROCKPORT,Mike Michaud,50.05302227
Plymouth,Gmc,Sierra,66,1204,0.054817276,30,404,149,8,0,591,PLYMOUTH,Paul LePage,69.29674099
Edinburg,Gmc,Sierra,8,114,0.070175439,0,43,24,1,0,68,EDINBURG,Paul LePage,64.17910448
Columbia,Chev,Silverado,31,399,0.077694236,8,116,51,1,0,176,COLUMBIA,Paul LePage,66.28571429
Madawaska,Ford,F150,147,3341,0.043998803,123,525,1162,30,0,1840,MADAWASKA,Mike Michaud,64.19889503
Kingsbury Plt,Chev,Silverado,5,30,0.166666667,4,7,4,0,0,15,KINGSBURY PLT,Paul LePage,46.66666667
Hollis,Chev,Silverado,196,4405,0.044494892,165,1230,755,12,0,2162,HOLLIS,Paul LePage,57.20930233
Harrison,Chev,Silverado,94,2410,0.039004149,121,715,418,12,0,1266,HARRISON,Paul LePage,57.01754386
Oakfield,Chev,Silverado,38,615,0.061788618,21,164,133,10,0,328,OAKFIELD,Paul LePage,51.57232704
Molunkus Twp,Gmc,Sierra,8,77,0.103896104,1,16,21,0,0,38,MOLUNKUS TWP,Mike Michaud,55.26315789
Grand Lake Stream Plt,Toyo,Tacoma,15,167,0.089820359,9,57,29,1,0,96,GRAND LAKE STREAM PLT,Paul LePage,60
Sangerville,Ford,F150,59,1206,0.048922056,48,352,204,7,0,611,SANGERVILLE,Paul LePage,58.2781457
China,Chev,Silverado,180,4154,0.043331728,168,1133,766,18,0,2085,CHINA,Paul LePage,54.81373972
Bridgton,Ford,F150,137,4954,0.027654421,203,1315,861,12,0,2391,BRIDGTON,Paul LePage,55.27532577
Westbrook,Toyo,Corolla,435,15607,0.027872109,659,3174,3823,62,0,7718,WESTBROOK,Mike Michaud,49.93469175
Topsham,Toyo,Rav4,269,8410,0.031985731,451,2275,2281,51,0,5058,TOPSHAM,Mike Michaud,45.55622129
Waldoboro,Chev,Silverado,229,4568,0.050131349,167,1163,856,18,0,2204,WALDOBORO,Paul LePage,53.20219579
Lyman,Chev,Silverado,178,4543,0.039181158,140,1186,711,17,0,2054,LYMAN,Paul LePage,58.22287678
Dyer Brook,Chev,Silverado,14,204,0.068627451,13,66,39,2,0,120,DYER BROOK,Paul LePage,55.93220339
Whitneyville,Gmc,Sierra,11,148,0.074324324,2,53,36,1,0,92,WHITNEYVILLE,Paul LePage,58.24175824
Cooper,Gmc,Sierra,12,122,0.098360656,7,63,29,2,0,101,COOPER,Paul LePage,63.63636364
Frenchboro,Chev,Silverado,4,28,0.142857143,3,13,6,0,0,22,FRENCHBORO,Paul LePage,59.09090909
West Bath,Suba,Forester,67,1948,0.034394251,91,559,460,7,0,1117,WEST BATH,Paul LePage,50.36036036
Solon,Chev,Silverado,63,1037,0.06075217,39,277,211,4,0,531,SOLON,Paul LePage,52.56166983
Fairfield,Chev,Silverado,239,5355,0.044631186,200,1432,1147,23,0,2802,FAIRFIELD,Paul LePage,51.5293271
Sullivan,Chev,Silverado,74,1175,0.062978723,59,255,216,3,0,533,SULLIVAN,Paul LePage,48.11320755
West Forks Plt,Ford,F150,5,56,0.089285714,3,25,13,2,0,43,WEST FORKS PLT,Paul LePage,60.97560976
Farmington,Ford,F150,149,4945,0.030131446,274,1421,1449,33,4,3181,FARMINGTON,Mike Michaud,46.0292249
Wells,Ford,F150,288,11582,0.024866172,439,2481,2050,36,0,5006,WELLS,Paul LePage,49.9195171
Vinalhaven,Ford,F150,101,1509,0.066931743,49,228,332,9,0,618,VINALHAVEN,Mike Michaud,54.51559934
Monson,Gmc,Sierra,34,598,0.056856187,25,227,135,20,0,407,MONSON,Paul LePage,58.65633075
Searsmont,Chev,Silverado,64,1356,0.04719764,47,319,275,8,0,649,SEARSMONT,Paul LePage,49.76599064
Pleasant Ridge Plt,Chev,Silverado,11,85,0.129411765,4,25,14,1,0,44,PLEASANT RIDGE PLT,Paul LePage,58.13953488
Farmingdale,Toyo,Camry,67,2507,0.02672517,100,693,643,10,0,1446,FARMINGDALE,Paul LePage,48.25905292
Stacyville,Chev,Silverado,18,262,0.06870229,11,100,65,2,0,178,STACYVILLE,Paul LePage,56.81818182
Woodville,Chev,Silverado,15,199,0.075376884,3,65,41,0,0,109,WOODVILLE,Paul LePage,59.63302752
Etna,Gmc,Sierra,60,1074,0.055865922,27,345,159,2,0,533,ETNA,Paul LePage,64.97175141
Dedham,Chev,Silverado,72,1622,0.044389642,80,465,335,13,0,893,DEDHAM,Paul LePage,52.84090909
Oxbow Plt,Ford,Ranger,4,42,0.095238095,2,26,11,0,0,39,OXBOW PLT,Paul LePage,66.66666667
Mount Vernon,Suba,Forester,53,1499,0.035356905,63,460,372,2,0,897,MOUNT VERNON,Paul LePage,51.39664804
Hermon,Chev,Silverado,261,5892,0.044297352,150,1709,835,19,0,2713,HERMON,Paul LePage,63.437268
Greenfield Twp,Gmc,Sierra,14,245,0.057142857,6,80,27,2,0,115,GREENFIELD TWP,Paul LePage,70.79646018
Albany Twp,Chev,Silverado,20,455,0.043956044,23,111,105,5,0,244,ALBANY TWP,Paul LePage,46.44351464
Sedgwick,Gmc,Sierra,45,930,0.048387097,33,256,305,9,0,603,SEDGWICK,Mike Michaud,51.34680135
New Gloucester,Chev,Silverado,197,5257,0.037473844,248,1600,980,14,0,2842,NEW GLOUCESTER,Paul LePage,56.57708628
Vassalboro,Chev,Silverado,169,4023,0.042008451,132,1167,783,18,0,2100,VASSALBORO,Paul LePage,56.0518732
Windham,Chev,Silverado,558,15762,0.035401599,657,4178,2898,29,20,7782,WINDHAM,Paul LePage,53.88881723
Machias,Chev,Silverado,74,1328,0.055722892,66,340,319,17,0,742,MACHIAS,Paul LePage,46.89655172
Old Town,Gmc,Sierra,216,5441,0.039698585,252,1274,1616,27,0,3169,OLD TOWN,Mike Michaud,51.43220878
Liberty,Chev,Silverado,34,953,0.03567681,24,231,207,3,0,465,LIBERTY,Paul LePage,50
Gilead,Chev,Silverado,13,158,0.082278481,6,44,41,0,0,91,GILEAD,Paul LePage,48.35164835
Bowdoinham,Chev,Silverado,94,2911,0.032291309,125,752,716,9,0,1602,BOWDOINHAM,Paul LePage,47.20652856
Verona Island,Chev,Silverado,21,472,0.044491525,13,144,103,4,0,264,VERONA ISLAND,Paul LePage,55.38461538
Sabattus,Chev,Silverado,178,4693,0.03792883,130,1430,638,16,0,2214,SABATTUS,Paul LePage,65.05914468
Rumford,Chev,Silverado,172,4558,0.037735849,183,1226,928,28,0,2365,RUMFORD,Paul LePage,52.46041934
Richmond,Chev,Silverado,92,3010,0.030564784,150,839,629,10,3,1631,RICHMOND,Paul LePage,51.75817397
Lowell,Ford,F150,17,323,0.052631579,15,135,39,1,0,190,LOWELL,Paul LePage,71.42857143
The Forks Plt,Ford,F150,5,68,0.073529412,4,26,15,0,0,45,THE FORKS PLT,Paul LePage,57.77777778
Rockland,Chev,Silverado,157,5392,0.029117211,230,1019,1427,36,0,2712,ROCKLAND,Mike Michaud,53.32585949
Rome,Toyo,Tacoma,35,1025,0.034146341,49,260,224,4,0,537,ROME,Paul LePage,48.7804878
Wallagrass,Ford,F150,24,402,0.059701493,23,97,147,3,0,270,WALLAGRASS,Mike Michaud,55.05617978
Cumberland,Suba,Outback,292,7266,0.040187173,530,1980,2051,32,0,4593,CUMBERLAND,Mike Michaud,44.96820873
Berwick,Chev,Silverado,262,7050,0.037163121,218,1446,887,33,0,2584,BERWICK,Paul LePage,56.68365347
Orono,Suba,Forester,131,4014,0.032635775,323,1008,2165,32,0,3528,ORONO,Mike Michaud,61.92791762
Freeman Twp,Dodg,Ram,11,240,0.045833333,3,63,25,1,0,92,FREEMAN TWP,Paul LePage,69.23076923
Upton,Gmc,Sierra,7,82,0.085365854,2,42,11,1,0,56,UPTON,Paul LePage,76.36363636
Stockton Springs,Chev,Silverado,50,1482,0.033738192,66,400,376,5,0,847,STOCKTON SPRINGS,Paul LePage,47.50593824
Canaan,Chev,Silverado,127,1906,0.066631689,68,486,373,10,0,937,CANAAN,Paul LePage,52.42718447
Buxton,Chev,Silverado,301,7948,0.037871163,301,2277,1382,35,0,3995,BUXTON,Paul LePage,57.5
Mattawamkeag,Gmc,Sierra,41,625,0.0656,14,154,140,7,0,315,MATTAWAMKEAG,Paul LePage,50
Bristol,Suba,Forester,127,2942,0.043167913,90,788,692,19,0,1589,BRISTOL,Paul LePage,50.1910828
Orrington,Chev,Silverado,166,3720,0.044623656,153,1101,640,13,0,1907,ORRINGTON,Paul LePage,58.13093981
West Paris,Chev,Silverado,76,1540,0.049350649,63,441,290,11,0,805,WEST PARIS,Paul LePage,55.54156171
Levant,Chev,Silverado,128,2559,0.050019539,69,774,337,10,0,1190,LEVANT,Paul LePage,65.59322034
Chebeague Island,Suba,Forester,46,938,0.049040512,25,70,165,2,1,263,CHEBEAGUE ISLAND,Mike Michaud,63.2183908
Millinocket,Chev,Silverado,234,3514,0.06659078,157,852,1052,26,0,2087,MILLINOCKET,Mike Michaud,51.04318292
Dennistown Plt,Chev,Silverado,8,33,0.242424242,1,18,5,0,0,24,DENNISTOWN PLT,Paul LePage,75
Milford,Chev,Silverado,128,2608,0.049079755,108,614,575,13,0,1310,MILFORD,Paul LePage,47.34001542
Deer Isle,Chev,Silverado,121,1934,0.062564633,78,385,453,19,0,935,DEER ISLE,Mike Michaud,49.45414847
Bradley,Chev,Silverado,72,1376,0.052325581,53,319,288,14,0,674,BRADLEY,Paul LePage,48.33333333
Dennysville,Chev,Silverado,21,256,0.08203125,38,168,99,8,0,313,DENNYSVILLE,Paul LePage,55.08196721
Brunswick,Suba,Forester,527,16117,0.032698393,755,3439,5896,79,0,10169,BRUNSWICK,Mike Michaud,58.43409316
Dixfield,Ford,F150,84,1994,0.042126379,98,713,334,16,0,1161,DIXFIELD,Paul LePage,62.27074236
Nobleboro,Chev,Silverado,73,1737,0.042026482,63,493,379,5,0,940,NOBLEBORO,Paul LePage,52.72727273
South Thomaston,Chev,Silverado,87,1523,0.057124097,70,380,280,3,0,733,SOUTH THOMASTON,Paul LePage,52.05479452
Baileyville,Chev,Silverado,112,1292,0.086687307,55,271,222,6,0,554,BAILEYVILLE,Paul LePage,49.45255474
Brooklin,Suba,Forester,46,883,0.05209513,39,180,287,3,0,509,BROOKLIN,Mike Michaud,56.71936759
Ripley,Ford,F150,29,496,0.058467742,11,136,64,2,1,214,RIPLEY,Paul LePage,64.1509434
Centerville Twp,Mits,Outlan,2,14,0.142857143,0,14,4,0,0,18,CENTERVILLE TWP,Paul LePage,77.77777778
Hartland,Chev,Silverado,65,1360,0.047794118,56,484,220,8,0,768,HARTLAND,Paul LePage,63.68421053
Howland,Chev,Silverado,57,1009,0.056491576,28,310,223,4,0,565,HOWLAND,Paul LePage,55.25846702
Livermore,Ford,F150,118,2220,0.053153153,89,627,392,4,0,1112,LIVERMORE,Paul LePage,56.58844765
Cyr Plt,Ford,F150,11,76,0.144736842,4,24,17,2,0,47,CYR PLT,Paul LePage,53.33333333
Alfred,Chev,Silverado,108,2982,0.036217304,147,785,607,18,0,1557,ALFRED,Paul LePage,51.0071475
Gouldsboro,Chev,Silverado,81,1746,0.046391753,77,468,307,8,0,860,GOULDSBORO,Paul LePage,54.92957746
Eliot,Chev,Silverado,192,6732,0.028520499,360,1340,1322,35,0,3057,ELIOT,Paul LePage,44.3414957
Garland,Ford,F150,44,921,0.047774159,42,262,161,6,0,471,GARLAND,Paul LePage,56.34408602
Georgetown,Suba,Forester,63,1065,0.05915493,43,276,337,6,0,662,GEORGETOWN,Mike Michaud,51.37195122
Waterville,Toyo,Corolla,373,9359,0.039854685,397,2179,3068,69,0,5713,WATERVILLE,Mike Michaud,54.35861091
Orland,Gmc,Sierra,113,2279,0.049583151,92,519,477,16,0,1104,ORLAND,Paul LePage,47.70220588
Lubec,Chev,Silverado,73,1118,0.06529517,75,302,344,11,0,732,LUBEC,Mike Michaud,47.71151179
Gorham,Chev,Silverado,416,14476,0.02873722,622,3716,3212,75,0,7625,GORHAM,Paul LePage,49.21854305
York,Ford,F150,327,14000,0.023357143,774,2939,3166,78,0,6957,YORK,Mike Michaud,46.02413141
Lamoine,Chev,Silverado,74,1655,0.044712991,68,480,383,7,0,938,LAMOINE,Paul LePage,51.55746509
Jonesport,Chev,Silverado,62,1121,0.055307761,38,289,209,5,0,541,JONESPORT,Paul LePage,53.91791045
Hammond,Gmc,Sierra,7,71,0.098591549,4,20,19,0,0,43,HAMMOND,Paul LePage,46.51162791
Houlton,Chev,Silverado,209,4327,0.048301364,188,1011,861,33,3,2096,HOULTON,Paul LePage,49.0063015
Passadumkeag,Gmc,Sierra,19,324,0.058641975,11,122,59,1,0,193,PASSADUMKEAG,Paul LePage,63.54166667
Newport,Chev,Silverado,135,2802,0.048179872,90,833,439,18,0,1380,NEWPORT,Paul LePage,61.16005874
Northfield,Gmc,Sierra,16,137,0.116788321,12,51,33,5,0,101,NORTHFIELD,Paul LePage,53.125
Blaine,Gmc,Sierra,58,754,0.076923077,25,229,74,1,0,329,BLAINE,Paul LePage,69.81707317
Matinicus Isle Plt,Gmc,Sierra,6,52,0.115384615,4,13,20,0,0,37,MATINICUS ISLE PLT,Mike Michaud,54.05405405
Greenbush,Gmc,Sierra,83,1286,0.064541213,38,362,147,10,0,557,GREENBUSH,Paul LePage,66.17915905
Hanover,Toyo,Rav4,13,309,0.042071197,10,91,59,1,0,161,HANOVER,Paul LePage,56.875
Pittston,Chev,Silverado,106,2601,0.040753556,110,815,529,5,0,1459,PITTSTON,Paul LePage,56.0522696
Monroe,Chev,Silverado,36,927,0.038834951,40,209,210,2,1,462,MONROE,Mike Michaud,45.65217391
Grand Falls Twp,Gmc,Sierra,3,20,0.15,0,4,4,0,0,8,GRAND FALLS TWP,Tie,0
Beddington,Chev,Silverado,4,46,0.086956522,3,20,17,0,0,40,BEDDINGTON,Paul LePage,50
Litchfield,Chev,Silverado,149,3666,0.040643753,98,1022,582,17,0,1719,LITCHFIELD,Paul LePage,60.04700353
Sebago,Chev,Silverado,85,1896,0.044831224,77,536,308,1,0,922,SEBAGO,Paul LePage,58.19761129
Lincolnville,Chev,Silverado,88,2416,0.036423841,96,501,621,12,0,1230,LINCOLNVILLE,Mike Michaud,50.98522167
Crystal,Gmc,Sierra,18,240,0.075,10,80,38,0,0,128,CRYSTAL,Paul LePage,62.5
Winterport,Gmc,Sierra,140,3549,0.039447732,142,931,636,4,0,1713,WINTERPORT,Paul LePage,54.47630193
Roxbury,Gmc,Sierra,24,400,0.06,11,137,78,3,0,229,ROXBURY,Paul LePage,60.61946903
Acton,Ford,F150,104,2775,0.037477477,103,621,398,3,0,1125,ACTON,Paul LePage,55.34759358
Sandy River Plt,Chev,Silverado,10,151,0.066225166,6,42,30,2,0,80,SANDY RIVER PLT,Paul LePage,53.84615385
South Portland,Toyo,Camry,621,23227,0.026736126,1220,3916,7239,94,0,12469,SOUTH PORTLAND,Mike Michaud,58.4969697
Belfast,Chev,Silverado,204,5453,0.0374106,255,1086,1808,42,0,3191,BELFAST,Mike Michaud,57.4150524
Scarborough,Toyo,Camry,504,18507,0.027232939,1033,4977,4398,79,0,10487,SCARBOROUGH,Paul LePage,47.8189854
Newcastle,Suba,Forester,82,1852,0.044276458,76,403,560,4,0,1043,NEWCASTLE,Mike Michaud,53.89797883
Milbridge,Ford,F150,74,1445,0.051211073,42,314,216,11,0,583,MILBRIDGE,Paul LePage,54.8951049
Mars Hill,Ford,F150,58,1051,0.055185538,61,409,166,11,0,647,MARS HILL,Paul LePage,64.3081761
Limerick,Chev,Silverado,121,2869,0.042174974,106,713,454,24,0,1297,LIMERICK,Paul LePage,56.00942655
Buckfield,Chev,Silverado,83,1828,0.045404814,65,564,281,10,0,920,BUCKFIELD,Paul LePage,61.97802198
Perham,Gmc,Sierra,23,319,0.072100313,10,109,51,3,0,173,PERHAM,Paul LePage,64.11764706
Canton,Ford,F150,36,873,0.041237113,52,268,124,5,0,449,CANTON,Paul LePage,60.36036036
Dixmont,Chev,Silverado,72,1158,0.062176166,48,326,228,8,0,610,DIXMONT,Paul LePage,54.15282392
Waterboro,Chev,Silverado,301,7437,0.040473309,248,1841,953,37,0,3079,WATERBORO,Paul LePage,60.51939513
Talmadge,Chev,Silverado,4,43,0.093023256,0,22,10,0,0,32,TALMADGE,Paul LePage,68.75
Harpswell,Suba,Forester,180,5152,0.034937888,237,1338,1473,21,0,3069,HARPSWELL,Mike Michaud,48.32677165
Hancock,Chev,Silverado,103,2205,0.046712018,101,588,394,6,0,1089,HANCOCK,Paul LePage,54.29362881
Kennebunk,Suba,Forester,318,11101,0.028646068,638,2540,2790,49,7,6024,KENNEBUNK,Mike Michaud,46.69456067
Wade,Chev,Silverado,13,222,0.058558559,17,61,42,0,0,120,WADE,Paul LePage,50.83333333
Bath,Suba,Forester,267,6561,0.040695016,333,1396,2083,44,0,3856,BATH,Mike Michaud,54.6432319
Crawford,Chev,Silverado,11,108,0.101851852,1,42,19,0,0,62,CRAWFORD,Paul LePage,67.74193548
Otisfield,Ford,F150,65,1767,0.036785512,76,503,333,5,0,917,OTISFIELD,Paul LePage,55.15350877
Embden,Chev,Silverado,46,915,0.050273224,36,273,137,3,0,449,EMBDEN,Paul LePage,61.21076233
Fort Kent,Ford,F150,114,2714,0.042004422,126,678,938,29,0,1771,FORT KENT,Mike Michaud,53.84615385
Island Falls,Gmc,Sierra,45,633,0.071090047,30,185,135,0,0,350,ISLAND FALLS,Paul LePage,52.85714286
New Limerick,Gmc,Sierra,31,555,0.055855856,21,166,83,2,0,272,NEW LIMERICK,Paul LePage,61.48148148
Saint Francis,Chev,Silverado,15,275,0.054545455,17,76,136,6,0,235,SAINT FRANCIS,Mike Michaud,59.38864629
Leeds,Chev,Silverado,87,2125,0.040941176,86,658,321,9,0,1074,LEEDS,Paul LePage,61.78403756
Chelsea,Gmc,Sierra,87,2484,0.035024155,90,687,443,6,1,1227,CHELSEA,Paul LePage,56.26535627
Bethel,Chev,Silverado,87,2567,0.033891702,118,661,599,10,0,1388,BETHEL,Paul LePage,47.96806967
Sherman,Chev,Impala,32,664,0.048192771,30,345,173,6,0,554,SHERMAN,Paul LePage,62.95620438
Harmony,Gmc,Sierra,39,763,0.051114024,29,242,147,5,0,423,HARMONY,Paul LePage,57.89473684
Carthage,Ford,F150,22,492,0.044715447,19,141,69,3,0,232,CARTHAGE,Paul LePage,61.5720524
Danforth,Gmc,Sierra,43,479,0.089770355,24,184,104,2,0,314,DANFORTH,Paul LePage,58.97435897
Hiram,Chev,Silverado,73,1521,0.04799474,49,404,237,8,0,698,HIRAM,Paul LePage,58.55072464
Springfield,Ford,F150,23,288,0.079861111,10,96,52,2,0,160,SPRINGFIELD,Paul LePage,60.75949367
Belgrade,Chev,Silverado,145,3247,0.044656606,110,927,645,12,0,1694,BELGRADE,Paul LePage,55.11296076
Moose River,Gmc,Sierra,18,205,0.087804878,3,81,18,1,0,103,MOOSE RIVER,Paul LePage,79.41176471
Jonesboro,Gmc,Sierra,44,519,0.08477842,37,151,90,3,1,282,JONESBORO,Paul LePage,54.1218638
Mattamiscontis Twp,Ford,F150,7,88,0.079545455,0,29,9,0,0,38,MATTAMISCONTIS TWP,Paul LePage,76.31578947
Exeter,Ford,F150,50,943,0.053022269,44,270,136,4,0,454,EXETER,Paul LePage,60
Edgecomb,Suba,Forester,58,1233,0.04703974,56,318,299,4,0,677,EDGECOMB,Paul LePage,47.25111441
Eastbrook,Chev,Silverado,16,361,0.04432133,15,117,67,1,0,200,EASTBROOK,Paul LePage,58.79396985
Argyle Twp,Gmc,Sierra,13,220,0.059090909,3,47,26,0,0,76,ARGYLE TWP,Paul LePage,61.84210526
Deblois,Toyo,Tacoma,4,54,0.074074074,0,22,5,0,0,27,DEBLOIS,Paul LePage,81.48148148
Boothbay Harbor,Suba,Forester,69,2037,0.033873343,90,543,503,9,0,1145,BOOTHBAY HARBOR,Paul LePage,47.79929577
Newburgh,Chev,Silverado,85,1510,0.056291391,51,424,293,6,0,774,NEWBURGH,Paul LePage,55.20833333
Morrill,Chev,Silverado,43,855,0.050292398,36,260,147,7,0,450,MORRILL,Paul LePage,58.69074492
Alexander,Chev,Silverado,47,507,0.09270217,23,154,82,4,0,263,ALEXANDER,Paul LePage,59.45945946
Newfield,Chev,Silverado,59,1628,0.036240786,58,394,248,7,0,707,NEWFIELD,Paul LePage,56.28571429
Monmouth,Chev,Silverado,192,3987,0.048156509,135,1194,695,15,0,2039,MONMOUTH,Paul LePage,58.99209486
Caswell,Gmc,Sierra,20,233,0.08583691,14,51,60,1,1,127,CASWELL,Mike Michaud,47.61904762
Kittery,Ford,F150,215,9155,0.023484435,502,1353,2090,45,0,3990,KITTERY,Mike Michaud,52.97845374
Hamlin,Chev,Silverado,12,179,0.067039106,7,43,31,3,0,84,HAMLIN,Paul LePage,53.08641975
Union,Chev,Silverado,90,2221,0.040522287,91,656,450,3,0,1200,UNION,Paul LePage,54.80367586
Caribou,Gmc,Sierra,325,6235,0.0521251,332,1532,1326,49,0,3239,CARIBOU,Paul LePage,48.02507837
Bingham,Chev,Silverado,59,743,0.079407806,63,250,143,10,0,466,BINGHAM,Paul LePage,54.8245614
Kingfield,Suba,Outback,31,1038,0.029865125,81,419,214,7,0,721,KINGFIELD,Paul LePage,58.68347339
Boothbay,Chev,Silverado,139,3355,0.0414307,122,945,715,11,0,1793,BOOTHBAY,Paul LePage,53.03030303
Raymond,Chev,Silverado,147,4450,0.033033708,204,1240,898,8,0,2350,RAYMOND,Paul LePage,52.94619983
Wilton,Ford,F150,117,3347,0.034956678,166,982,693,10,3,1854,WILTON,Paul LePage,53.2537961
Cutler,Gmc,Sierra,32,426,0.075117371,22,162,71,6,0,261,CUTLER,Paul LePage,63.52941176
Biddeford,Toyo,Camry,471,17015,0.027681458,755,3375,3598,65,0,7793,BIDDEFORD,Mike Michaud,46.55797101
Saint George,Chev,Silverado,102,2701,0.037763791,107,599,703,18,0,1427,SAINT GEORGE,Mike Michaud,49.89354152
Frankfort,Chev,Silverado,52,1109,0.046889089,53,323,200,11,2,589,FRANKFORT,Paul LePage,55.88235294
Burnham,Chev,Silverado,71,1133,0.06266549,44,325,158,5,0,532,BURNHAM,Paul LePage,61.66982922
Lewiston,Toyo,Camry,750,23644,0.031720521,1117,6846,5541,176,0,13680,LEWISTON,Paul LePage,50.69609005
Maxfield,Gmc,Sierra,5,87,0.057471264,2,31,17,0,0,50,MAXFIELD,Paul LePage,62
Harrington,Chev,Silverado,56,838,0.066825776,23,260,126,6,0,415,HARRINGTON,Paul LePage,63.56968215
Dresden,Chev,Silverado,63,1667,0.037792442,83,458,385,7,0,933,DRESDEN,Paul LePage,49.4600432
Fort Fairfield,Ford,F150,142,2754,0.051561365,144,641,579,23,0,1387,FORT FAIRFIELD,Paul LePage,46.9941349
Lakeville,Gmc,Sierra,8,95,0.084210526,3,36,23,1,0,63,LAKEVILLE,Paul LePage,58.06451613
Dexter,Chev,Silverado,123,3183,0.03864279,135,812,509,21,0,1477,DEXTER,Paul LePage,55.76923077
Norridgewock,Chev,Silverado,188,3182,0.059082338,98,807,545,15,0,1465,NORRIDGEWOCK,Paul LePage,55.65517241
Sanford,Niss,Sentra,482,17828,0.027036123,729,3660,3020,74,0,7483,SANFORD,Paul LePage,49.39937913
Pownal,Ford,F150,71,1511,0.046988749,70,459,419,4,0,952,POWNAL,Paul LePage,48.41772152
Stoneham,Chev,Silverado,19,277,0.068592058,14,75,61,2,0,152,STONEHAM,Paul LePage,50
Oakland,Chev,Silverado,232,5608,0.041369472,235,1458,1143,22,0,2858,OAKLAND,Paul LePage,51.41043724
Ludlow,Ford,F150,22,368,0.059782609,28,96,60,2,0,186,LUDLOW,Paul LePage,52.17391304
Windsor,Chev,Silverado,106,2362,0.044877223,73,681,401,19,0,1174,WINDSOR,Paul LePage,58.96103896
Islesboro,Chev,Silverado,33,878,0.037585421,27,109,211,1,0,348,ISLESBORO,Mike Michaud,60.80691643
Stow,Chev,Silverado,19,416,0.045673077,20,89,68,1,0,178,STOW,Paul LePage,50.28248588
Moro Plt,Toyo,Rav4,3,34,0.088235294,2,17,5,0,0,24,MORO PLT,Paul LePage,70.83333333
Cary Plt,Chev,Silverado,11,186,0.059139785,19,54,23,1,0,97,CARY PLT,Paul LePage,56.25
Unity,Chev,Silverado,50,1368,0.036549708,55,401,340,12,0,808,UNITY,Paul LePage,50.37688442
Sweden,Suba,Forester,21,426,0.049295775,14,101,90,0,0,205,SWEDEN,Paul LePage,49.26829268
Yarmouth,Suba,Outback,297,7469,0.039764359,545,1672,2478,25,0,4720,YARMOUTH,Mike Michaud,52.77955272
Waterford,Chev,Silverado,63,1581,0.039848197,60,464,278,5,0,807,WATERFORD,Paul LePage,57.8553616
Cushing,Chev,Silverado,88,1402,0.062767475,43,364,260,8,0,675,CUSHING,Paul LePage,54.57271364
Columbia Falls,Gmc,Sierra,27,426,0.063380282,23,140,86,3,0,252,COLUMBIA FALLS,Paul LePage,56.2248996
Aurora,Gmc,Sierra,9,114,0.078947368,3,34,19,1,0,57,AURORA,Paul LePage,60.71428571
Shirley,Ford,F150,11,154,0.071428571,9,87,34,4,0,134,SHIRLEY,Paul LePage,66.92307692
Garfield Plt,Ford,F150,6,79,0.075949367,10,25,14,1,0,50,GARFIELD PLT,Paul LePage,51.02040816
Stonington,Gmc,Sierra,92,1026,0.089668616,69,185,216,8,0,478,STONINGTON,Mike Michaud,45.95744681
Van Buren,Ford,F150,94,1658,0.056694813,78,255,441,22,0,796,VAN BUREN,Mike Michaud,56.97674419
Lebanon,Chev,Silverado,305,6305,0.048374306,205,1347,599,15,0,2166,LEBANON,Paul LePage,62.62203626
Parsonsfield,Chev,Silverado,89,1784,0.049887892,67,457,277,12,0,813,PARSONSFIELD,Paul LePage,57.0536829
Hudson,Gmc,Sierra,84,1318,0.063732929,40,390,169,3,0,602,HUDSON,Paul LePage,65.10851419
Charleston,Gmc,Sierra,48,1088,0.044117647,35,405,118,9,0,567,CHARLESTON,Paul LePage,72.58064516
Cape Elizabeth,Suba,Outback,366,8190,0.044688645,780,1793,2986,23,0,5582,CAPE ELIZABETH,Mike Michaud,53.71469689
Livermore Falls,Ford,F150,110,2327,0.047271165,88,595,453,12,0,1148,LIVERMORE FALLS,Paul LePage,52.37676056
Brighton Plt,Chev,Silverado,10,76,0.131578947,1,29,7,1,0,38,BRIGHTON PLT,Paul LePage,78.37837838
Mount Desert,Suba,Forester,110,2659,0.041368936,120,400,666,12,0,1198,MOUNT DESERT,Mike Michaud,56.15514334
Madison,Chev,Silverado,237,3935,0.060228717,130,986,820,20,0,1956,MADISON,Paul LePage,50.92975207
Bremen,Suba,Outback,37,772,0.047927461,42,204,201,1,0,448,BREMEN,Paul LePage,45.63758389
Newry,Toyo,Tacoma,23,466,0.049356223,23,126,86,3,0,238,NEWRY,Paul LePage,53.61702128
Guilford,Gmc,Sierra,51,1134,0.044973545,56,375,207,8,0,646,GUILFORD,Paul LePage,58.77742947
Clinton,Chev,Silverado,138,2903,0.047537031,97,816,521,11,0,1445,CLINTON,Paul LePage,56.90376569
Bucksport,Gmc,Sierra,188,4193,0.044836632,176,1034,818,40,0,2068,BUCKSPORT,Paul LePage,50.98619329
Saint John Plt,Gmc,Sierra,7,170,0.041176471,11,50,64,4,0,129,SAINT JOHN PLT,Mike Michaud,51.2
Warren,Chev,Silverado,167,3689,0.045269721,153,970,478,12,0,1613,WARREN,Paul LePage,60.58713304
Milo,Gmc,Sierra,116,1876,0.061833689,63,534,382,7,0,986,MILO,Paul LePage,54.54545455
New Portland,Chev,Silverado,33,785,0.042038217,36,201,132,7,0,376,NEW PORTLAND,Paul LePage,54.47154472
Cherryfield,Chev,Silverado,71,1016,0.06988189,32,323,204,6,0,565,CHERRYFIELD,Paul LePage,57.78175313
Sidney,Chev,Silverado,155,4127,0.037557548,158,1310,737,16,0,2221,SIDNEY,Paul LePage,59.41043084
Poland,Chev,Silverado,230,5478,0.041986126,197,1615,890,17,0,2719,POLAND,Paul LePage,59.77054034
Detroit,Ford,F150,27,724,0.037292818,29,175,108,5,0,317,DETROIT,Paul LePage,56.08974359
Robbinston,Chev,Silverado,40,479,0.083507307,24,131,121,3,0,279,ROBBINSTON,Paul LePage,47.46376812
Lisbon,Ford,F150,254,8138,0.0312116,309,2480,1322,26,0,4137,LISBON,Paul LePage,60.32595476
Chesterville,Ford,F150,55,1141,0.04820333,40,347,227,7,0,621,CHESTERVILLE,Paul LePage,56.51465798
North Haven,Gmc,Sierra,44,694,0.063400576,14,83,147,0,0,244,NORTH HAVEN,Mike Michaud,60.24590164
Industry,Ford,F150,38,714,0.053221289,28,223,160,4,0,415,INDUSTRY,Paul LePage,54.25790754
Macwahoc Plt,Gmc,Sierra,5,65,0.076923077,2,29,17,1,0,49,MACWAHOC PLT,Paul LePage,60.41666667
Northport,Ford,Escape,49,1537,0.031880286,79,379,405,10,0,873,NORTHPORT,Mike Michaud,46.92931634
Cambridge,Chev,Silverado,20,392,0.051020408,7,154,59,1,0,221,CAMBRIDGE,Paul LePage,70
Sebec,Chev,Silverado,36,644,0.055900621,11,226,96,3,0,336,SEBEC,Paul LePage,67.86786787
Isle Au Haut,Suba,Outback,5,65,0.076923077,9,11,35,1,0,56,ISLE AU HAUT,Mike Michaud,63.63636364
Ogunquit,Toyo,Camry,39,1628,0.023955774,70,317,389,9,0,785,OGUNQUIT,Mike Michaud,50.12886598
Hartford,Chev,Silverado,59,1106,0.053345389,49,342,174,5,0,570,HARTFORD,Paul LePage,60.53097345
Readfield,Chev,Silverado,85,2473,0.034371209,105,666,682,7,0,1460,READFIELD,Mike Michaud,46.93737096
Orient,Chev,Silverado,8,115,0.069565217,5,39,16,1,0,61,ORIENT,Paul LePage,65
Lee,Gmc,Sierra,72,815,0.088343558,18,271,139,5,0,433,LEE,Paul LePage,63.31775701
Thorndike,Suba,Forester,23,626,0.036741214,29,175,147,1,0,352,THORNDIKE,Paul LePage,49.85754986
Limington,Chev,Silverado,145,3592,0.040367483,106,1011,518,14,0,1649,LIMINGTON,Paul LePage,61.83486239
Wesley,Chev,Silverado,9,121,0.074380165,6,38,26,2,0,72,WESLEY,Paul LePage,54.28571429
Freedom,Chev,Silverado,29,637,0.045525903,25,193,166,4,0,388,FREEDOM,Paul LePage,50.26041667
Corinna,Chev,Silverado,94,1884,0.049893843,67,614,267,4,0,952,CORINNA,Paul LePage,64.76793249
Cornish,Ford,F150,60,1352,0.044378698,35,395,254,8,0,692,CORNISH,Paul LePage,57.74853801
Bar Harbor,Suba,Forester,218,4689,0.046491789,240,728,1617,32,0,2617,BAR HARBOR,Mike Michaud,62.55319149
Lexington Twp,Ford,F150,9,142,0.063380282,0,4,2,0,0,6,LEXINGTON TWP,Paul LePage,66.66666667
Denmark,Chev,Silverado,53,1299,0.040800616,38,351,205,6,0,600,DENMARK,Paul LePage,59.09090909
Beaver Cove,Chev,Silverado,7,149,0.046979866,4,56,25,1,0,86,BEAVER COVE,Paul LePage,65.88235294
Auburn,Chev,Silverado,486,17908,0.027138709,816,4944,3823,75,0,9658,AUBURN,Paul LePage,51.5913597
Princeton,Chev,Silverado,47,685,0.068613139,31,254,133,9,0,427,PRINCETON,Paul LePage,60.76555024
Oxford,Chev,Silverado,178,4061,0.043831569,134,1178,478,7,0,1797,OXFORD,Paul LePage,65.81005587
Washington,Chev,Silverado,69,1451,0.047553411,53,419,260,7,0,739,WASHINGTON,Paul LePage,57.24043716
Corinth,Gmc,Sierra,133,2497,0.053263917,60,842,320,10,0,1232,CORINTH,Paul LePage,68.90343699
Burlington,Ford,F150,21,310,0.067741935,7,96,44,4,0,151,BURLINGTON,Paul LePage,65.30612245
Clifton,Gmc,Sierra,34,817,0.041615667,42,226,130,8,0,406,CLIFTON,Paul LePage,56.7839196
Fayette,Ford,F150,47,1200,0.039166667,43,362,272,7,0,684,FAYETTE,Paul LePage,53.47119645
Littleton,Chev,Silverado,67,916,0.073144105,29,231,123,6,0,389,LITTLETON,Paul LePage,60.31331593
Porter,Ford,F150,58,1441,0.040249827,53,416,228,7,0,704,PORTER,Paul LePage,59.68436155
Moscow,Chev,Silverado,51,477,0.106918239,18,113,89,3,0,223,MOSCOW,Paul LePage,51.36363636
Jefferson,Ford,F150,96,2540,0.037795276,76,801,458,5,0,1340,JEFFERSON,Paul LePage,60
Baldwin,Chev,Silverado,80,1522,0.052562418,45,528,210,6,0,789,BALDWIN,Paul LePage,67.43295019
Reed Plt,Chev,Impala,7,125,0.056,4,46,25,1,0,76,REED PLT,Paul LePage,61.33333333
Holden,Gmc,Sierra,147,3087,0.047619048,133,995,572,12,0,1712,HOLDEN,Paul LePage,58.52941176
Brooks,Chev,Silverado,40,899,0.044493882,33,262,173,3,0,471,BROOKS,Paul LePage,55.98290598
Waltham,Ford,F150,29,318,0.091194969,12,117,33,5,0,167,WALTHAM,Paul LePage,72.22222222
Peru,Chev,Silverado,81,1524,0.053149606,70,531,234,11,0,846,PERU,Paul LePage,63.59281437
Otis,Chev,Silverado,40,718,0.055710306,23,230,92,4,0,349,OTIS,Paul LePage,66.66666667
Hersey,Ford,F150,5,56,0.089285714,1,23,7,0,0,31,HERSEY,Paul LePage,74.19354839
Alna,Suba,Forester,36,707,0.050919378,28,182,203,6,0,419,ALNA,Mike Michaud,49.15254237
East Machias,Chev,Silverado,65,1179,0.055131467,46,358,215,12,0,631,EAST MACHIAS,Paul LePage,57.83521809
Carrabassett Valley,Suba,Outback,38,663,0.057315234,59,169,175,2,0,405,CARRABASSETT VALLEY,Mike Michaud,43.42431762
Anson,Chev,Silverado,113,2070,0.054589372,66,532,397,10,0,1005,ANSON,Paul LePage,53.46733668
West Gardiner,Chev,Silverado,139,3423,0.040607654,120,1093,709,12,0,1934,WEST GARDINER,Paul LePage,56.86784599
Orneville Twp,Ford,F150,12,207,0.057971014,0,1,0,0,0,1,ORNEVILLE TWP,Paul LePage,100
Saco,Toyo,Camry,515,17814,0.028909846,751,3716,3822,73,0,8362,SACO,Mike Michaud,46.10930148
Portage Lake,Chev,Silverado,28,394,0.07106599,28,118,96,3,0,245,PORTAGE LAKE,Paul LePage,48.76033058
Calais,Chev,Silverado,185,2339,0.07909363,96,636,475,14,0,1221,CALAIS,Paul LePage,52.69262635
Standish,Chev,Silverado,428,9188,0.046582499,317,2567,1505,28,0,4417,STANDISH,Paul LePage,58.48712691
Shapleigh,Chev,Silverado,101,2960,0.034121622,107,740,356,13,0,1216,SHAPLEIGH,Paul LePage,61.51288446
Weld,Ford,F150,25,436,0.05733945,22,152,90,0,0,264,WELD,Paul LePage,57.57575758
Eastport,Chev,Silverado,45,1082,0.041589649,73,285,385,15,1,759,EASTPORT,Mike Michaud,51.74731183
Troy,Chev,Silverado,30,835,0.035928144,48,249,166,2,0,465,TROY,Paul LePage,53.77969762
Norway,Chev,Silverado,139,4182,0.033237685,187,1179,797,28,0,2191,NORWAY,Paul LePage,54.50762829
Waldo,Chev,Silverado,21,664,0.031626506,23,210,148,5,1,387,WALDO,Paul LePage,54.97382199
New Vineyard,Ford,F150,28,691,0.040520984,27,246,114,1,0,388,NEW VINEYARD,Paul LePage,63.56589147
Brownfield,Chev,Silverado,78,1612,0.048387097,51,382,252,6,0,691,BROWNFIELD,Paul LePage,55.76642336
Drew Plt,Dodg,Ram,2,21,0.095238095,2,10,9,0,0,21,DREW PLT,Paul LePage,47.61904762
Temple,Chev,Silverado,23,432,0.053240741,18,137,124,2,0,281,TEMPLE,Paul LePage,49.10394265
Jackman,Ford,F150,43,739,0.058186739,30,334,109,9,0,482,JACKMAN,Paul LePage,70.61310782
Smyrna,Gmc,Sierra,14,247,0.056680162,10,58,41,2,0,111,SMYRNA,Paul LePage,53.21100917
Eagle Lake,Chev,Silverado,46,639,0.07198748,30,159,205,12,0,406,EAGLE LAKE,Mike Michaud,52.03045685
Bridgewater,Gmc,Sierra,26,452,0.057522124,27,146,83,3,0,259,BRIDGEWATER,Paul LePage,57.03125
Ellsworth,Chev,Silverado,315,6923,0.045500506,307,1764,1401,42,0,3514,ELLSWORTH,Paul LePage,50.80645161
Strong,Chev,Silverado,43,1071,0.040149393,50,364,155,5,0,574,STRONG,Paul LePage,63.97188049
Brewer,Toyo,Camry,289,7511,0.038476901,299,2177,1672,48,0,4196,BREWER,Paul LePage,52.4831244
Dayton,Chev,Silverado,93,2098,0.044327931,90,622,301,13,0,1026,DAYTON,Paul LePage,61.4017769
Bowdoin,Ford,F150,108,2830,0.038162544,101,953,436,4,0,1494,BOWDOIN,Paul LePage,63.95973154
Linneus,Gmc,Sierra,54,761,0.070959264,47,189,99,12,0,347,LINNEUS,Paul LePage,56.41791045
Lagrange,Chev,Silverado,42,584,0.071917808,18,150,122,7,0,297,LAGRANGE,Paul LePage,51.72413793
Whitefield,Chev,Silverado,88,2214,0.039747064,93,556,480,12,0,1141,WHITEFIELD,Paul LePage,49.24712135
Frye Island,Yama,Golf,164,505,0.324752475,4,31,12,0,0,47,FRYE ISLAND,Paul LePage,65.95744681
Manchester,Chev,Silverado,86,2481,0.034663442,113,758,569,0,7,1447,MANCHESTER,Paul LePage,52.38424326
Dallas Plt,Toyo,Tundra,15,310,0.048387097,20,111,68,0,0,199,DALLAS PLT,Paul LePage,55.77889447
Milton Twp,Chev,Silverado,9,126,0.071428571,5,50,15,0,0,70,MILTON TWP,Paul LePage,71.42857143
Penobscot,Gmc,Sierra,46,1026,0.044834308,44,275,347,12,0,678,PENOBSCOT,Mike Michaud,52.1021021
Hampden,Chev,Silverado,242,6721,0.036006547,252,1772,1335,21,0,3380,HAMPDEN,Paul LePage,52.75379577
Augusta,Toyo,Camry,458,14793,0.030960589,643,3364,3738,101,0,7846,AUGUSTA,Mike Michaud,48.26339574
Wales,Chev,Silverado,76,1426,0.053295933,44,525,173,7,0,749,WALES,Paul LePage,70.75471698
Allagash,Gmc,Sierra,22,248,0.088709677,5,72,74,5,0,156,ALLAGASH,Mike Michaud,49.00662252
Enfield,Gmc,Sierra,82,1384,0.059248555,52,382,235,11,0,680,ENFIELD,Paul LePage,57.10014948
Whiting,Gmc,Sierra,38,449,0.084632517,35,148,119,11,0,313,WHITING,Paul LePage,49.00662252
Palmyra,Chev,Silverado,82,1774,0.046223224,73,548,242,8,0,871,PALMYRA,Paul LePage,63.49942063
Gardiner,Niss,Versa,155,4951,0.031306807,270,1201,1228,25,0,2724,GARDINER,Mike Michaud,45.49833272
Carroll Plt,Ford,F150,12,126,0.095238095,3,48,20,2,0,73,CARROLL PLT,Paul LePage,67.6056338
Winter Harbor,Chev,Silverado,27,512,0.052734375,23,130,90,0,0,243,WINTER HARBOR,Paul LePage,53.49794239
Kennebunkport,Gmc,Sierra,100,3941,0.02537427,218,924,917,24,0,2083,KENNEBUNKPORT,Paul LePage,44.87615347
Randolph,Chev,Silverado,58,1477,0.039268788,69,397,380,11,0,857,RANDOLPH,Paul LePage,46.92671395
Smithfield,Ford,F150,44,988,0.044534413,47,263,206,2,0,518,SMITHFIELD,Paul LePage,50.96899225
Bowerbank,Gmc,Sierra,12,150,0.08,9,50,15,0,0,74,BOWERBANK,Paul LePage,67.56756757
New Sweden,Gmc,Sierra,34,514,0.06614786,40,138,144,4,0,326,NEW SWEDEN,Mike Michaud,44.72049689
Monticello,Gmc,Sierra,53,711,0.074542897,30,180,119,8,0,337,MONTICELLO,Paul LePage,54.7112462
Willimantic,Ford,F150,11,120,0.091666667,2,38,35,2,0,77,WILLIMANTIC,Paul LePage,50.66666667
Brownville,Chev,Silverado,61,1093,0.055809698,49,272,207,11,0,539,BROWNVILLE,Paul LePage,51.51515152
Rangeley,Ford,F150,70,1351,0.051813472,57,359,193,4,0,613,RANGELEY,Paul LePage,58.94909688
Parkman,Gmc,Sierra,44,757,0.058124174,34,266,125,3,0,428,PARKMAN,Paul LePage,62.58823529
Alton,Gmc,Sierra,36,696,0.051724138,29,203,140,3,0,375,ALTON,Paul LePage,54.56989247
Winthrop,Chev,Silverado,230,5574,0.041263007,261,1483,1376,26,0,3146,WINTHROP,Paul LePage,47.53205128
Marshfield,Chev,Silverado,27,414,0.065217391,17,173,79,3,0,272,MARSHFIELD,Paul LePage,64.31226766
Phillips,Ford,F150,43,863,0.049826188,54,283,194,5,0,536,PHILLIPS,Paul LePage,53.29566855
Atkinson,Ford,F150,24,265,0.090566038,5,108,55,4,0,172,ATKINSON,Paul LePage,64.28571429
Casco,Chev,Silverado,140,3529,0.039671295,144,984,565,13,0,1706,CASCO,Paul LePage,58.1216775
Stetson,Ford,F150,52,1103,0.047144152,24,364,160,14,0,562,STETSON,Paul LePage,66.42335766
Easton,Ford,F150,71,1102,0.064428312,63,300,185,9,0,557,EASTON,Paul LePage,54.74452555
Abbot,Gmc,Sierra,37,633,0.058451817,34,229,82,3,0,348,ABBOT,Paul LePage,66.37681159
Washburn,Gmc,Sierra,74,1294,0.057187017,63,312,268,16,0,659,WASHBURN,Paul LePage,48.52255054
Presque Isle,Gmc,Sierra,317,6914,0.045849002,386,1579,1464,37,0,3466,PRESQUE ISLE,Paul LePage,46.04841062
Westmanland,Ford,F150,7,62,0.112903226,4,21,14,0,0,39,WESTMANLAND,Paul LePage,53.84615385
Westfield,Gmc,Sierra,35,421,0.083135392,27,111,77,2,0,217,WESTFIELD,Paul LePage,51.62790698
Baring Plt,Chev,Silverado,18,203,0.088669951,4,60,40,0,0,104,BARING PLT,Paul LePage,57.69230769
Winterville Plt,Chev,Silverado,15,185,0.081081081,13,49,60,1,0,123,WINTERVILLE PLT,Mike Michaud,49.18032787
Masardis,Gmc,Sierra,20,216,0.092592593,10,54,49,2,0,115,MASARDIS,Paul LePage,47.78761062
Greenville,Gmc,Sierra,71,1546,0.045924968,91,621,325,11,0,1048,GREENVILLE,Paul LePage,59.88428158
Searsport,Gmc,Sierra,79,2421,0.032631144,106,551,550,7,0,1214,SEARSPORT,Paul LePage,45.65037283
Pembroke,Chev,Silverado,66,965,0.068393782,34,205,175,2,0,416,PEMBROKE,Paul LePage,49.51690821
Woolwich,Suba,Forester,146,3116,0.046854942,134,901,654,12,0,1701,WOOLWICH,Paul LePage,53.34517466
Woodland,Gmc,Sierra,72,1150,0.062608696,44,292,209,6,1,552,WOODLAND,Paul LePage,53.47985348
Osborn,Toyo,Tacoma,4,46,0.086956522,1,27,14,0,0,42,OSBORN,Paul LePage,64.28571429
Elliottsville Twp,Gmc,Sierra,3,32,0.09375,0,5,12,0,0,17,ELLIOTTSVILLE TWP,Mike Michaud,70.58823529
Woodstock,Ford,F150,59,1278,0.046165884,56,382,215,9,0,662,WOODSTOCK,Paul LePage,58.4992343
Mechanic Falls,Chev,Silverado,97,2589,0.037466203,118,796,419,9,0,1342,MECHANIC FALLS,Paul LePage,59.71492873
Albion,Chev,Silverado,70,1759,0.039795338,50,633,260,10,0,953,ALBION,Paul LePage,67.126193
North Yarmouth,Suba,Outback,129,3546,0.036379019,189,981,996,10,0,2176,NORTH YARMOUTH,Mike Michaud,45.9833795
Phippsburg,Chev,Silverado,100,2369,0.042211904,105,690,474,4,0,1273,PHIPPSBURG,Paul LePage,54.37352246
Fryeburg,Chev,Silverado,117,3033,0.038575668,129,681,534,12,1,1357,FRYEBURG,Paul LePage,50.63197026
Old Orchard Beach,Toyo,Camry,253,8393,0.030144168,402,1773,2114,29,7,4325,OLD ORCHARD BEACH,Mike Michaud,49.20856611
Patten,Chev,Silverado,50,843,0.059311981,24,270,170,7,0,471,PATTEN,Paul LePage,58.18965517
Frenchville,Ford,F150,48,952,0.050420168,27,194,275,13,0,509,FRENCHVILLE,Mike Michaud,55.44354839
Thomaston,Chev,Silverado,94,2418,0.038875103,89,527,563,9,0,1188,THOMASTON,Mike Michaud,47.75233249
East Millinocket,Gmc,Sierra,70,1404,0.04985755,37,307,513,10,0,867,EAST MILLINOCKET,Mike Michaud,59.85997666
Southwest Harbor,Suba,Forester,71,1877,0.037826319,68,353,441,12,0,874,SOUTHWEST HARBOR,Mike Michaud,51.16009281
New Canada,Gmc,Sierra,19,251,0.075697211,10,47,58,3,0,118,NEW CANADA,Mike Michaud,50.43478261
Kenduskeag,Gmc,Sierra,68,1205,0.056431535,26,333,166,6,0,531,KENDUSKEAG,Paul LePage,63.42857143
South Berwick,Chev,Silverado,186,6540,0.028440367,275,1280,1408,21,0,2984,SOUTH BERWICK,Mike Michaud,47.51940601
Seboeis Plt,Chev,Silverado,5,36,0.138888889,0,13,13,0,0,26,SEBOEIS PLT,Tie,0
Somerville,Chev,Silverado,29,523,0.055449331,12,146,94,4,0,256,SOMERVILLE,Paul LePage,57.93650794
Turner,Chev,Silverado,206,5345,0.038540692,190,1820,784,18,0,2812,TURNER,Paul LePage,65.13958482
Arrowsic,Suba,Forester,24,476,0.050420168,17,119,194,2,0,332,ARROWSIC,Mike Michaud,58.78787879
Mercer,Chev,Silverado,28,643,0.043545879,44,178,140,4,0,366,MERCER,Paul LePage,49.17127072
Bradford,Gmc,Sierra,55,1042,0.052783109,34,352,158,4,0,548,BRADFORD,Paul LePage,64.70588235
Arundel,Chev,Silverado,158,4154,0.038035628,172,1075,721,13,0,1981,ARUNDEL,Paul LePage,54.62398374
Wyman Twp,Ford,Ranger,3,45,0.066666667,3,21,12,1,0,37,WYMAN TWP,Paul LePage,58.33333333
Roque Bluffs,Gmc,Sierra,21,261,0.08045977,15,50,76,4,0,145,ROQUE BLUFFS,Mike Michaud,53.90070922
Medford,Ford,F150,19,251,0.075697211,7,71,35,1,0,114,MEDFORD,Paul LePage,62.83185841
Greene,Chev,Silverado,204,4048,0.050395257,117,1497,551,10,0,2175,GREENE,Paul LePage,69.14549654
Grand Isle,Gmc,Sierra,22,381,0.057742782,14,49,147,3,0,213,GRAND ISLE,Mike Michaud,70
T11 R4 Wels,Toyo,Rav4,5,38,0.131578947,3,10,5,1,0,19,T11 R4 WELS,Paul LePage,55.55555556
Friendship,Chev,Silverado,63,1097,0.057429353,37,382,201,11,0,631,FRIENDSHIP,Paul LePage,61.61290323
South Bristol,Ford,F150,48,1084,0.044280443,47,236,257,6,0,546,SOUTH BRISTOL,Mike Michaud,47.59259259
Andover,Gmc,Sierra,36,752,0.04787234,49,259,147,6,0,461,ANDOVER,Paul LePage,56.92307692
Avon,Ford,F150,24,505,0.047524752,18,151,54,1,0,224,AVON,Paul LePage,67.71300448
Machiasport,Chev,Silverado,60,808,0.074257426,46,221,164,12,0,443,MACHIASPORT,Paul LePage,51.27610209
Glenburn,Gmc,Sierra,232,4175,0.055568862,135,1221,687,15,0,2058,GLENBURN,Paul LePage,59.7650514
Amity,Gmc,Sierra,13,198,0.065656566,6,51,40,0,0,97,AMITY,Paul LePage,52.57731959
T15 R6 Wels,Gmc,Sierra,2,18,0.111111111,0,5,0,0,0,5,T15 R6 WELS,Paul LePage,100
Eddington,Gmc,Sierra,97,2010,0.048258706,86,671,354,7,0,1118,EDDINGTON,Paul LePage,60.3960396
T1 R9 Wels,Chev,Silverado,13,98,0.132653061,1,37,19,0,0,57,T1 R9 WELS,Paul LePage,64.9122807
Meddybemps,Chev,Silverado,18,146,0.123287671,10,58,19,0,0,87,MEDDYBEMPS,Paul LePage,66.66666667
Dover-Foxcroft,Chev,Silverado,152,3562,0.042672656,168,1031,706,24,0,1929,DOVER-FOXCROFT,Paul LePage,54.12073491
Trenton,Gmc,Sierra,73,1538,0.047464239,71,368,256,3,2,700,TRENTON,Paul LePage,52.79770445
Haynesville,Ford,F150,6,69,0.086956522,6,21,23,0,0,50,HAYNESVILLE,Mike Michaud,46
Magalloway Plt,Chev,Silverado,6,48,0.125,1,15,1,0,0,17,MAGALLOWAY PLT,Paul LePage,88.23529412
Carmel,Gmc,Sierra,148,2639,0.056081849,66,824,376,7,0,1273,CARMEL,Paul LePage,65.08688784
Surry,Chev,Silverado,75,1530,0.049019608,63,386,392,9,0,850,SURRY,Mike Michaud,46.61117717
Damariscotta,Suba,Forester,98,1959,0.050025523,81,491,575,15,0,1162,DAMARISCOTTA,Mike Michaud,50.13077594
Belmont,Chev,Silverado,49,958,0.051148225,32,244,147,8,1,432,BELMONT,Paul LePage,57.54716981
Minot,Chev,Silverado,110,2574,0.042735043,87,925,354,10,1,1377,MINOT,Paul LePage,67.66642282
Chester,Ford,F150,47,543,0.086556169,9,168,73,3,0,253,CHESTER,Paul LePage,67.2
Perry,Chev,Silverado,65,782,0.083120205,31,219,151,4,1,406,PERRY,Paul LePage,54.47761194
Camden,Suba,Outback,195,4818,0.040473225,254,831,1758,26,0,2869,CAMDEN,Mike Michaud,61.83608864
Falmouth,Suba,Outback,347,10867,0.031931536,748,2880,3022,42,0,6692,FALMOUTH,Mike Michaud,45.44360902
Vienna,Chev,Silverado,18,551,0.032667877,31,173,145,1,0,350,VIENNA,Paul LePage,49.57020057
Lake View Plt,Gmc,Sierra,17,138,0.123188406,0,37,25,0,0,62,LAKE VIEW PLT,Paul LePage,59.67741935
Byron,Gmc,Sierra,9,136,0.066176471,9,52,23,0,0,84,BYRON,Paul LePage,61.9047619
Bangor,Toyo,Camry,639,23178,0.027569247,1036,4813,6022,130,0,12001,BANGOR,Mike Michaud,50.7286665
Franklin,Chev,Silverado,71,1359,0.052244297,60,328,219,6,0,613,FRANKLIN,Paul LePage,54.03624382
Tremont,Chev,Silverado,81,1632,0.049632353,51,332,369,3,0,755,TREMONT,Mike Michaud,49.06914894
Benton,Chev,Silverado,118,2447,0.048222313,85,727,472,17,0,1301,BENTON,Paul LePage,56.61993769
Swans Island,Ford,F150,37,426,0.08685446,8,128,65,1,0,202,SWANS ISLAND,Paul LePage,63.68159204
Hebron,Ford,F150,42,1162,0.036144578,49,414,190,4,0,657,HEBRON,Paul LePage,63.39969372
Castine,Suba,Outback,33,711,0.046413502,30,181,235,7,0,453,CASTINE,Mike Michaud,52.69058296
Sumner,Ford,F150,47,893,0.052631579,58,282,139,5,0,484,SUMNER,Paul LePage,58.87265136
Hope,Suba,Forester,56,1628,0.034398034,56,386,382,10,0,834,HOPE,Paul LePage,46.84466019
Durham,Chev,Silverado,162,3846,0.042121685,168,1229,715,26,0,2138,DURHAM,Paul LePage,58.19128788
Addison,Chev,Silverado,63,1071,0.058823529,45,318,185,9,0,557,ADDISON,Paul LePage,58.02919708
Greenwood,Chev,Silverado,40,850,0.047058824,31,193,156,10,1,391,GREENWOOD,Paul LePage,50.65616798
Castle Hill,Chev,Silverado,29,356,0.081460674,27,108,62,4,0,201,CASTLE HILL,Paul LePage,54.82233503
Steuben,Chev,Silverado,60,1150,0.052173913,36,286,173,18,0,513,STEUBEN,Paul LePage,57.77777778
Rangeley Plt,Ford,F150,17,259,0.065637066,7,94,42,1,0,144,RANGELEY PLT,Paul LePage,65.73426573
Coplin Plt,Ford,F150,13,158,0.082278481,7,51,27,0,0,85,COPLIN PLT,Paul LePage,60
Wiscasset,Chev,Silverado,133,3553,0.037433155,159,999,618,11,0,1787,WISCASSET,Paul LePage,56.25
Pittsfield,Chev,Silverado,143,3220,0.044409938,112,868,584,21,0,1585,PITTSFIELD,Paul LePage,55.49872123
Jay,Ford,F150,195,4260,0.045774648,189,1110,944,16,0,2259,JAY,Paul LePage,49.4872938
Topsfield,Gmc,Sierra,15,180,0.083333333,6,75,26,0,0,107,TOPSFIELD,Paul LePage,70.09345794
Limestone,Gmc,Sierra,87,1281,0.067915691,58,287,309,14,0,668,LIMESTONE,Mike Michaud,47.24770642
Athens,Chev,Silverado,51,809,0.063040791,12,235,158,3,0,408,ATHENS,Paul LePage,58.02469136
Freeport,Suba,Outback,270,7596,0.035545024,479,1720,2482,31,0,4712,FREEPORT,Mike Michaud,53.02285836